question_id,year,session,part,provider,completeness,source_question_number,subject,subject_method,stem_words,stem_type,task,image_based,negative_stem,clinical_vignette,calculation,provider_answer,duplicate_of,repeat_of_earlier_sitting
2021-dec-full-q001,2021,December,full,PrepLadder,full,1,Dermatology,provider label,16,image-led,diagnosis,yes,yes,no,no,C,,
2021-dec-full-q002,2021,December,full,PrepLadder,full,2,Anatomy,provider label,18,image-led,diagnosis,yes,no,yes,no,A,,
2021-dec-full-q003,2021,December,full,PrepLadder,full,3,Dermatology,provider label,14,one-liner,investigation,no,no,no,no,A,,
2021-dec-full-q004,2021,December,full,PrepLadder,full,4,Dermatology,provider label,31,image-led,management,yes,no,yes,no,C,,
2021-dec-full-q005,2021,December,full,PrepLadder,full,5,Anatomy,provider label,9,image-led,investigation,yes,no,no,no,C,,
2021-dec-full-q006,2021,December,full,PrepLadder,full,6,Dermatology,provider label,37,image-led,diagnosis,yes,no,yes,no,D,,
2021-dec-full-q007,2021,December,full,PrepLadder,full,7,Anatomy,provider label,14,image-led,fact recall,yes,no,no,no,A,,
2021-dec-full-q008,2021,December,full,PrepLadder,full,8,Anatomy,provider label,27,clinical vignette,diagnosis,no,no,yes,no,D,,
2021-dec-full-q009,2021,December,full,PrepLadder,full,9,Anatomy,provider label,10,image-led,anatomy,yes,no,no,no,B,,
2021-dec-full-q010,2021,December,full,PrepLadder,full,10,ENT,provider label,13,one-liner,investigation,no,no,no,no,A,,
2021-dec-full-q011,2021,December,full,PrepLadder,full,11,Anaesthesiology,provider label,11,image-led,fact recall,yes,no,no,no,C,,
2021-dec-full-q012,2021,December,full,PrepLadder,full,12,ENT,provider label,46,clinical vignette,mechanism,no,no,yes,no,B,,
2021-dec-full-q013,2021,December,full,PrepLadder,full,13,General Surgery,provider label,73,clinical vignette,management,no,no,yes,no,C,,
2021-dec-full-q014,2021,December,full,PrepLadder,full,14,Anatomy,provider label,13,image-led,diagnosis,yes,no,no,no,B,,
2021-dec-full-q015,2021,December,full,PrepLadder,full,15,Anaesthesiology,provider label,21,image-led,fact recall,yes,no,yes,no,C,,
2021-dec-full-q016,2021,December,full,PrepLadder,full,16,Anatomy,provider label,11,image-led,fact recall,yes,no,no,no,B,,
2021-dec-full-q017,2021,December,full,PrepLadder,full,17,Anaesthesiology,provider label,35,clinical vignette,diagnosis,no,no,yes,no,A,,
2021-dec-full-q018,2021,December,full,PrepLadder,full,18,Anatomy,provider label,13,image-led,diagnosis,yes,no,no,no,A,,
2021-dec-full-q019,2021,December,full,PrepLadder,full,19,Anaesthesiology,provider label,14,one-liner,fact recall,no,no,no,no,B,,
2021-dec-full-q020,2021,December,full,PrepLadder,full,20,Anatomy,provider label,15,one-liner,fact recall,no,no,no,no,A,,
2021-dec-full-q021,2021,December,full,PrepLadder,full,21,General Surgery,provider label,20,clinical vignette,mechanism,no,no,yes,no,A,,
2021-dec-full-q022,2021,December,full,PrepLadder,full,22,General Surgery,provider label,46,image-led,diagnosis,yes,no,yes,no,A,,
2021-dec-full-q023,2021,December,full,PrepLadder,full,23,ENT,provider label,52,clinical vignette,diagnosis,no,no,yes,no,C,,
2021-dec-full-q024,2021,December,full,PrepLadder,full,24,Ophthalmology,provider label,30,clinical vignette,management,no,no,yes,no,A,,
2021-dec-full-q025,2021,December,full,PrepLadder,full,25,Anatomy,provider label,6,one-liner,fact recall,no,no,no,no,C,,
2021-dec-full-q026,2021,December,full,PrepLadder,full,26,ENT,provider label,47,clinical vignette,management,no,no,yes,no,B,,
2021-dec-full-q027,2021,December,full,PrepLadder,full,27,Ophthalmology,provider label,8,image-led,fact recall,yes,no,no,no,D,,
2021-dec-full-q028,2021,December,full,PrepLadder,full,28,ENT,provider label,76,clinical vignette,investigation,no,no,yes,no,D,,
2021-dec-full-q029,2021,December,full,PrepLadder,full,29,Ophthalmology,provider label,43,image-led,diagnosis,yes,no,yes,no,C,,
2021-dec-full-q030,2021,December,full,PrepLadder,full,30,Anatomy,provider label,6,image-led,diagnosis,yes,no,no,no,A,,
2021-dec-full-q031,2021,December,full,PrepLadder,full,31,ENT,provider label,5,one-liner,fact recall,no,no,no,no,A,,
2021-dec-full-q032,2021,December,full,PrepLadder,full,32,Ophthalmology,provider label,27,clinical vignette,diagnosis,no,no,yes,no,C,,
2021-dec-full-q033,2021,December,full,PrepLadder,full,33,Anatomy,provider label,10,one-liner,investigation,no,no,no,no,C,,
2021-dec-full-q034,2021,December,full,PrepLadder,full,34,Ophthalmology,provider label,50,image-led,diagnosis,yes,no,yes,no,D,,
2021-dec-full-q035,2021,December,full,PrepLadder,full,35,Ophthalmology,provider label,59,clinical vignette,diagnosis,no,no,yes,no,D,,
2021-dec-full-q036,2021,December,full,PrepLadder,full,36,General Surgery,provider label,24,clinical vignette,diagnosis,no,no,yes,no,B,,
2021-dec-full-q037,2021,December,full,PrepLadder,full,37,ENT,provider label,13,one-liner,fact recall,no,no,no,no,A,,
2021-dec-full-q038,2021,December,full,PrepLadder,full,38,Ophthalmology,provider label,10,one-liner,mechanism,no,no,no,no,B,,
2021-dec-full-q039,2021,December,full,PrepLadder,full,39,General Surgery,provider label,70,clinical vignette,management,no,no,yes,no,A,,
2021-dec-full-q040,2021,December,full,PrepLadder,full,40,Ophthalmology,provider label,7,image-led,diagnosis,yes,no,no,no,A,,
2021-dec-full-q041,2021,December,full,PrepLadder,full,41,Anatomy,provider label,12,image-led,fact recall,yes,no,no,no,A,,
2021-dec-full-q042,2021,December,full,PrepLadder,full,42,General Surgery,provider label,51,clinical vignette,management,no,no,yes,no,B,,
2021-dec-full-q043,2021,December,full,PrepLadder,full,43,Ophthalmology,provider label,31,clinical vignette,diagnosis,no,no,yes,no,A,,
2021-dec-full-q044,2021,December,full,PrepLadder,full,44,Anatomy,provider label,8,one-liner,fact recall,no,no,no,no,D,,
2021-dec-full-q045,2021,December,full,PrepLadder,full,45,ENT,provider label,42,clinical vignette,diagnosis,no,no,yes,no,D,,
2021-dec-full-q046,2021,December,full,PrepLadder,full,46,Ophthalmology,provider label,45,clinical vignette,investigation,no,no,yes,no,B,,
2021-dec-full-q047,2021,December,full,PrepLadder,full,47,General Surgery,provider label,10,one-liner,fact recall,no,yes,no,no,A,,
2021-dec-full-q048,2021,December,full,PrepLadder,full,48,Ophthalmology,provider label,23,clinical vignette,management,no,no,yes,no,D,,
2021-dec-full-q049,2021,December,full,PrepLadder,full,49,Anatomy,provider label,24,image-led,fact recall,yes,no,no,no,B,,
2021-dec-full-q050,2021,December,full,PrepLadder,full,50,ENT,provider label,70,clinical vignette,diagnosis,no,no,yes,no,D,,
2021-dec-full-q051,2021,December,full,PrepLadder,full,51,Ophthalmology,provider label,32,image-led,diagnosis,yes,no,yes,no,C,,
2021-dec-full-q052,2021,December,full,PrepLadder,full,52,General Surgery,provider label,13,image-led,management,yes,no,no,no,A,,
2021-dec-full-q053,2021,December,full,PrepLadder,full,53,Ophthalmology,provider label,45,clinical vignette,management,no,no,yes,no,B,,
2021-dec-full-q054,2021,December,full,PrepLadder,full,54,ENT,provider label,33,clinical vignette,management,no,no,yes,no,C,,
2021-dec-full-q055,2021,December,full,PrepLadder,full,55,Ophthalmology,provider label,55,clinical vignette,diagnosis,no,no,yes,no,B,,
2021-dec-full-q056,2021,December,full,PrepLadder,full,56,General Surgery,provider label,36,clinical vignette,diagnosis,no,no,yes,no,A,,
2021-dec-full-q057,2021,December,full,PrepLadder,full,57,Pathology,provider label,34,clinical vignette,diagnosis,no,no,yes,no,C,,
2021-dec-full-q058,2021,December,full,PrepLadder,full,58,Biochemistry,provider label,13,one-liner,fact recall,no,no,no,no,B,,
2021-dec-full-q059,2021,December,full,PrepLadder,full,59,Pathology,provider label,18,direct (longer),mechanism,no,no,no,no,A,,
2021-dec-full-q060,2021,December,full,PrepLadder,full,60,Pathology,provider label,30,clinical vignette,mechanism,no,no,yes,no,B,,
2021-dec-full-q061,2021,December,full,PrepLadder,full,61,Biochemistry,provider label,8,one-liner,mechanism,no,no,no,no,B,,
2021-dec-full-q062,2021,December,full,PrepLadder,full,62,General Surgery,provider label,31,clinical vignette,management,no,no,yes,no,D,,
2021-dec-full-q063,2021,December,full,PrepLadder,full,63,Pathology,provider label,25,direct (longer),investigation,no,no,no,no,B,,
2021-dec-full-q064,2021,December,full,PrepLadder,full,64,Biochemistry,provider label,10,one-liner,mechanism,no,no,no,no,C,,
2021-dec-full-q065,2021,December,full,PrepLadder,full,65,Pathology,provider label,17,direct (longer),fact recall,no,no,no,no,C,,
2021-dec-full-q066,2021,December,full,PrepLadder,full,66,Biochemistry,provider label,10,one-liner,fact recall,no,yes,no,no,A,,
2021-dec-full-q067,2021,December,full,PrepLadder,full,67,Biochemistry,provider label,54,image-led,diagnosis,yes,no,yes,no,A,,
2021-dec-full-q068,2021,December,full,PrepLadder,full,68,Biochemistry,provider label,5,one-liner,fact recall,no,no,no,no,D,,
2021-dec-full-q069,2021,December,full,PrepLadder,full,69,Biochemistry,provider label,16,direct (longer),diagnosis,no,no,no,no,C,,
2021-dec-full-q070,2021,December,full,PrepLadder,full,70,Forensic Medicine,provider label,22,image-led,investigation,yes,no,yes,no,D,,
2021-dec-full-q071,2021,December,full,PrepLadder,full,71,Pathology,provider label,36,clinical vignette,diagnosis,no,no,yes,no,B,,
2021-dec-full-q072,2021,December,full,PrepLadder,full,72,Pathology,provider label,57,clinical vignette,calculation,no,no,yes,yes,C,,
2021-dec-full-q073,2021,December,full,PrepLadder,full,73,Pathology,provider label,72,clinical vignette,investigation,no,no,yes,no,A,,
2021-dec-full-q074,2021,December,full,PrepLadder,full,74,Forensic Medicine,provider label,29,clinical vignette,diagnosis,no,no,yes,no,A,,
2021-dec-full-q075,2021,December,full,PrepLadder,full,75,General Surgery,provider label,21,clinical vignette,diagnosis,no,no,yes,no,D,,
2021-dec-full-q076,2021,December,full,PrepLadder,full,76,Pathology,provider label,51,clinical vignette,diagnosis,no,no,yes,no,D,,
2021-dec-full-q077,2021,December,full,PrepLadder,full,77,Forensic Medicine,provider label,15,clinical vignette,diagnosis,no,no,yes,no,A,,
2021-dec-full-q078,2021,December,full,PrepLadder,full,78,General Surgery,provider label,27,image-led,diagnosis,yes,no,yes,no,B,,
2021-dec-full-q079,2021,December,full,PrepLadder,full,79,Forensic Medicine,provider label,8,image-led,diagnosis,yes,no,no,no,A,,
2021-dec-full-q080,2021,December,full,PrepLadder,full,80,Pathology,provider label,28,clinical vignette,fact recall,no,no,yes,no,B,,
2021-dec-full-q081,2021,December,full,PrepLadder,full,81,Forensic Medicine,provider label,16,direct (longer),investigation,no,no,no,no,A,,
2021-dec-full-q082,2021,December,full,PrepLadder,full,82,Biochemistry,provider label,15,one-liner,mechanism,no,no,no,no,C,,
2021-dec-full-q083,2021,December,full,PrepLadder,full,83,Forensic Medicine,provider label,12,image-led,investigation,yes,no,no,no,A,,
2021-dec-full-q084,2021,December,full,PrepLadder,full,84,Biochemistry,provider label,6,one-liner,fact recall,no,no,no,no,C,,
2021-dec-full-q085,2021,December,full,PrepLadder,full,85,General Surgery,provider label,63,clinical vignette,diagnosis,no,no,yes,no,C,,
2021-dec-full-q086,2021,December,full,PrepLadder,full,86,Pathology,provider label,39,image-led,diagnosis,yes,no,yes,no,C,,
2021-dec-full-q087,2021,December,full,PrepLadder,full,87,Forensic Medicine,provider label,18,clinical vignette,investigation,no,no,yes,no,A,,
2021-dec-full-q088,2021,December,full,PrepLadder,full,88,Biochemistry,provider label,33,image-led,mechanism,yes,no,yes,no,D,,
2021-dec-full-q089,2021,December,full,PrepLadder,full,89,General Surgery,provider label,36,clinical vignette,management,no,no,yes,no,A,,
2021-dec-full-q090,2021,December,full,PrepLadder,full,90,General Surgery,provider label,12,one-liner,fact recall,no,no,no,no,C,,
2021-dec-full-q091,2021,December,full,PrepLadder,full,91,Forensic Medicine,provider label,8,image-led,investigation,yes,no,no,no,D,,
2021-dec-full-q092,2021,December,full,PrepLadder,full,92,Medicine,provider label,67,image-led,investigation,yes,no,yes,no,B,,
2021-dec-full-q093,2021,December,full,PrepLadder,full,93,Biochemistry,provider label,50,clinical vignette,investigation,no,no,yes,no,A,,
2021-dec-full-q094,2021,December,full,PrepLadder,full,94,General Surgery,provider label,61,image-led,diagnosis,yes,no,yes,no,B,,
2021-dec-full-q095,2021,December,full,PrepLadder,full,95,Pathology,provider label,8,one-liner,investigation,no,no,no,no,A,,
2021-dec-full-q096,2021,December,full,PrepLadder,full,96,Forensic Medicine,provider label,12,one-liner,fact recall,no,no,no,no,C,,
2021-dec-full-q097,2021,December,full,PrepLadder,full,97,Medicine,provider label,12,one-liner,anatomy,no,no,no,no,C,,
2021-dec-full-q098,2021,December,full,PrepLadder,full,98,Pathology,provider label,50,clinical vignette,diagnosis,no,no,yes,no,C,,
2021-dec-full-q099,2021,December,full,PrepLadder,full,99,Biochemistry,provider label,33,direct (longer),fact recall,no,no,no,no,C,,
2021-dec-full-q100,2021,December,full,PrepLadder,full,100,Forensic Medicine,provider label,11,one-liner,fact recall,no,no,no,no,C,,
2021-dec-full-q101,2021,December,full,PrepLadder,full,101,Paediatrics,provider label,10,one-liner,fact recall,no,no,no,no,B,,
2021-dec-full-q102,2021,December,full,PrepLadder,full,102,General Surgery,provider label,25,clinical vignette,diagnosis,no,no,yes,no,D,,
2021-dec-full-q103,2021,December,full,PrepLadder,full,103,Pathology,provider label,18,direct (longer),diagnosis,no,no,no,no,C,,
2021-dec-full-q104,2021,December,full,PrepLadder,full,104,General Surgery,provider label,8,one-liner,diagnosis,no,no,no,no,A,,
2021-dec-full-q105,2021,December,full,PrepLadder,full,105,Paediatrics,provider label,9,one-liner,anatomy,no,no,no,no,B,,
2021-dec-full-q106,2021,December,full,PrepLadder,full,106,Medicine,provider label,75,clinical vignette,calculation,no,no,yes,yes,B,,
2021-dec-full-q107,2021,December,full,PrepLadder,full,107,Paediatrics,provider label,12,one-liner,fact recall,no,no,no,no,C,,
2021-dec-full-q108,2021,December,full,PrepLadder,full,108,Forensic Medicine,provider label,17,direct (longer),fact recall,no,no,no,no,C,,
2021-dec-full-q109,2021,December,full,PrepLadder,full,109,Pathology,provider label,10,one-liner,fact recall,no,yes,no,no,D,,
2021-dec-full-q110,2021,December,full,PrepLadder,full,110,Medicine,provider label,44,clinical vignette,management,no,no,yes,no,B,,
2021-dec-full-q111,2021,December,full,PrepLadder,full,111,Medicine,provider label,17,image-led,diagnosis,yes,no,no,no,A,,
2021-dec-full-q112,2021,December,full,PrepLadder,full,112,General Surgery,provider label,11,one-liner,investigation,no,no,no,no,A,,
2021-dec-full-q113,2021,December,full,PrepLadder,full,113,Pharmacology,provider label,46,clinical vignette,diagnosis,no,no,yes,no,D,,
2021-dec-full-q114,2021,December,full,PrepLadder,full,114,Medicine,provider label,9,one-liner,diagnosis,no,no,no,no,C,,
2021-dec-full-q115,2021,December,full,PrepLadder,full,115,Forensic Medicine,provider label,48,clinical vignette,fact recall,no,no,yes,no,B,,
2021-dec-full-q116,2021,December,full,PrepLadder,full,116,Biochemistry,provider label,12,one-liner,mechanism,no,no,no,no,D,,
2021-dec-full-q117,2021,December,full,PrepLadder,full,117,Pharmacology,provider label,37,clinical vignette,calculation,no,no,yes,yes,B,,
2021-dec-full-q118,2021,December,full,PrepLadder,full,118,Medicine,provider label,46,image-led,management,yes,no,yes,no,B,,
2021-dec-full-q119,2021,December,full,PrepLadder,full,119,Paediatrics,provider label,55,image-led,diagnosis,yes,no,yes,no,B,,
2021-dec-full-q120,2021,December,full,PrepLadder,full,120,General Surgery,provider label,39,clinical vignette,management,no,no,yes,no,C,,
2021-dec-full-q121,2021,December,full,PrepLadder,full,121,Medicine,provider label,14,clinical vignette,fact recall,no,yes,yes,no,A,,
2021-dec-full-q122,2021,December,full,PrepLadder,full,122,Pharmacology,provider label,54,image-led,management,yes,no,yes,no,C,,
2021-dec-full-q123,2021,December,full,PrepLadder,full,123,Biochemistry,provider label,10,clinical vignette,anatomy,no,yes,yes,no,B,,
2021-dec-full-q124,2021,December,full,PrepLadder,full,124,Obstetrics & Gynaecology,provider label,10,image-led,fact recall,yes,no,no,no,D,,
2021-dec-full-q125,2021,December,full,PrepLadder,full,125,Obstetrics & Gynaecology,provider label,34,clinical vignette,fact recall,no,no,yes,no,C,,
2021-dec-full-q126,2021,December,full,PrepLadder,full,126,Pharmacology,provider label,10,one-liner,fact recall,no,no,no,no,C,,
2021-dec-full-q127,2021,December,full,PrepLadder,full,127,Paediatrics,provider label,49,image-led,diagnosis,yes,no,yes,no,B,,
2021-dec-full-q128,2021,December,full,PrepLadder,full,128,Biochemistry,provider label,15,one-liner,fact recall,no,no,no,no,A,,
2021-dec-full-q129,2021,December,full,PrepLadder,full,129,Obstetrics & Gynaecology,provider label,23,clinical vignette,fact recall,no,no,yes,no,D,,
2021-dec-full-q130,2021,December,full,PrepLadder,full,130,Pharmacology,provider label,39,clinical vignette,management,no,no,yes,no,D,,
2021-dec-full-q131,2021,December,full,PrepLadder,full,131,Medicine,provider label,50,clinical vignette,management,no,no,yes,no,A,,
2021-dec-full-q132,2021,December,full,PrepLadder,full,132,Obstetrics & Gynaecology,provider label,19,clinical vignette,fact recall,no,no,yes,no,B,,
2021-dec-full-q133,2021,December,full,PrepLadder,full,133,Biochemistry,provider label,42,clinical vignette,diagnosis,no,no,yes,no,A,,
2021-dec-full-q134,2021,December,full,PrepLadder,full,134,Medicine,provider label,14,one-liner,fact recall,no,no,no,no,C,,
2021-dec-full-q135,2021,December,full,PrepLadder,full,135,Pharmacology,provider label,8,one-liner,mechanism,no,no,no,no,B,,
2021-dec-full-q136,2021,December,full,PrepLadder,full,136,Paediatrics,provider label,44,clinical vignette,management,no,no,yes,no,B,,
2021-dec-full-q137,2021,December,full,PrepLadder,full,137,Biochemistry,provider label,15,one-liner,mechanism,no,no,no,no,C,,
2021-dec-full-q138,2021,December,full,PrepLadder,full,138,Medicine,provider label,31,clinical vignette,management,no,no,yes,no,A,,
2021-dec-full-q139,2021,December,full,PrepLadder,full,139,Obstetrics & Gynaecology,provider label,28,clinical vignette,management,no,no,yes,no,A,,
2021-dec-full-q140,2021,December,full,PrepLadder,full,140,General Surgery,provider label,52,clinical vignette,diagnosis,no,no,yes,no,C,,
2021-dec-full-q141,2021,December,full,PrepLadder,full,141,Pharmacology,provider label,40,clinical vignette,diagnosis,no,no,yes,no,C,,
2021-dec-full-q142,2021,December,full,PrepLadder,full,142,Biochemistry,provider label,39,clinical vignette,mechanism,no,no,yes,no,C,,
2021-dec-full-q143,2021,December,full,PrepLadder,full,143,Obstetrics & Gynaecology,provider label,15,one-liner,management,no,yes,no,no,B,,
2021-dec-full-q144,2021,December,full,PrepLadder,full,144,Obstetrics & Gynaecology,provider label,46,clinical vignette,management,no,no,yes,no,B,,
2021-dec-full-q145,2021,December,full,PrepLadder,full,145,Paediatrics,provider label,35,clinical vignette,management,no,no,yes,no,A,,
2021-dec-full-q146,2021,December,full,PrepLadder,full,146,Obstetrics & Gynaecology,provider label,8,one-liner,investigation,no,no,no,no,D,,
2021-dec-full-q147,2021,December,full,PrepLadder,full,147,Medicine,provider label,46,clinical vignette,management,no,no,yes,no,A,,
2021-dec-full-q148,2021,December,full,PrepLadder,full,148,Microbiology,provider label,49,image-led,diagnosis,yes,no,yes,no,A,,
2021-dec-full-q149,2021,December,full,PrepLadder,full,149,Obstetrics & Gynaecology,provider label,27,clinical vignette,fact recall,no,no,yes,no,D,,
2021-dec-full-q150,2021,December,full,PrepLadder,full,150,Psychiatry,provider label,29,clinical vignette,diagnosis,no,no,yes,no,A,,
2021-dec-full-q151,2021,December,full,PrepLadder,full,151,General Surgery,provider label,25,clinical vignette,fact recall,no,no,yes,no,A,,
2021-dec-full-q152,2021,December,full,PrepLadder,full,152,Microbiology,provider label,43,image-led,investigation,yes,no,yes,no,B,,
2021-dec-full-q153,2021,December,full,PrepLadder,full,153,Medicine,provider label,13,one-liner,investigation,no,no,no,no,A,,
2021-dec-full-q154,2021,December,full,PrepLadder,full,154,Pharmacology,provider label,41,clinical vignette,management,no,no,yes,no,D,,
2021-dec-full-q155,2021,December,full,PrepLadder,full,155,General Surgery,provider label,39,image-led,diagnosis,yes,no,yes,no,B,,
2021-dec-full-q156,2021,December,full,PrepLadder,full,156,Psychiatry,provider label,72,clinical vignette,diagnosis,no,no,yes,no,D,,
2021-dec-full-q157,2021,December,full,PrepLadder,full,157,Microbiology,provider label,39,clinical vignette,investigation,no,no,yes,no,B,,
2021-dec-full-q158,2021,December,full,PrepLadder,full,158,General Surgery,provider label,56,clinical vignette,anatomy,no,no,yes,no,D,,
2021-dec-full-q159,2021,December,full,PrepLadder,full,159,Pharmacology,provider label,41,clinical vignette,management,no,no,yes,no,D,,
2021-dec-full-q160,2021,December,full,PrepLadder,full,160,General Surgery,provider label,10,one-liner,mechanism,no,no,no,no,A,,
2021-dec-full-q161,2021,December,full,PrepLadder,full,161,Psychiatry,provider label,52,clinical vignette,diagnosis,no,yes,yes,no,A,,
2021-dec-full-q162,2021,December,full,PrepLadder,full,162,Microbiology,provider label,59,clinical vignette,diagnosis,no,no,yes,no,B,,
2021-dec-full-q163,2021,December,full,PrepLadder,full,163,Pharmacology,provider label,50,clinical vignette,management,no,no,yes,no,B,,
2021-dec-full-q164,2021,December,full,PrepLadder,full,164,Microbiology,provider label,7,one-liner,mechanism,no,no,no,no,B,,
2021-dec-full-q165,2021,December,full,PrepLadder,full,165,Pharmacology,provider label,40,clinical vignette,fact recall,no,no,yes,no,D,,
2021-dec-full-q166,2021,December,full,PrepLadder,full,166,Psychiatry,provider label,32,clinical vignette,diagnosis,no,no,yes,no,D,,
2021-dec-full-q167,2021,December,full,PrepLadder,full,167,Pharmacology,provider label,75,image-led,management,yes,no,yes,no,C,,
2021-dec-full-q168,2021,December,full,PrepLadder,full,168,Pharmacology,provider label,8,one-liner,mechanism,no,no,no,no,C,,
2021-dec-full-q169,2021,December,full,PrepLadder,full,169,Radiology (diagnosis + therapy),provider label,23,image-led,investigation,yes,no,no,no,A,,
2021-dec-full-q170,2021,December,full,PrepLadder,full,170,General Surgery,provider label,43,clinical vignette,management,no,no,yes,no,A,,
2021-dec-full-q171,2021,December,full,PrepLadder,full,171,Paediatrics,provider label,56,clinical vignette,calculation,no,no,yes,yes,A,,
2021-dec-full-q172,2021,December,full,PrepLadder,full,172,Medicine,provider label,47,clinical vignette,management,no,no,yes,no,C,,
2021-dec-full-q173,2021,December,full,PrepLadder,full,173,Paediatrics,provider label,35,clinical vignette,diagnosis,no,no,yes,no,A,,
2021-dec-full-q174,2021,December,full,PrepLadder,full,174,Obstetrics & Gynaecology,provider label,24,direct (longer),management,no,no,no,no,B,,
2021-dec-full-q175,2021,December,full,PrepLadder,full,175,Radiology (diagnosis + therapy),provider label,10,image-led,diagnosis,yes,no,no,no,D,,
2021-dec-full-q176,2021,December,full,PrepLadder,full,176,Microbiology,provider label,41,image-led,diagnosis,yes,no,yes,no,B,,
2021-dec-full-q177,2021,December,full,PrepLadder,full,177,Obstetrics & Gynaecology,provider label,24,image-led,fact recall,yes,yes,no,no,C,,
2021-dec-full-q178,2021,December,full,PrepLadder,full,178,General Surgery,provider label,48,clinical vignette,diagnosis,no,no,yes,no,D,,
2021-dec-full-q179,2021,December,full,PrepLadder,full,179,Microbiology,provider label,77,clinical vignette,diagnosis,no,no,yes,no,A,,
2021-dec-full-q180,2021,December,full,PrepLadder,full,180,Obstetrics & Gynaecology,provider label,32,clinical vignette,investigation,no,no,yes,no,C,,
2021-dec-full-q181,2021,December,full,PrepLadder,full,181,Medicine,provider label,37,clinical vignette,diagnosis,no,no,yes,no,A,,
2021-dec-full-q182,2021,December,full,PrepLadder,full,182,Pharmacology,provider label,12,one-liner,mechanism,no,no,no,no,C,,
2021-dec-full-q183,2021,December,full,PrepLadder,full,183,General Surgery,provider label,10,one-liner,fact recall,no,no,no,no,A,,
2021-dec-full-q184,2021,December,full,PrepLadder,full,184,Microbiology,provider label,69,clinical vignette,diagnosis,no,no,yes,no,B,,
2021-dec-full-q185,2021,December,full,PrepLadder,full,185,Medicine,provider label,41,clinical vignette,diagnosis,no,no,yes,no,C,,
2021-dec-full-q186,2021,December,full,PrepLadder,full,186,Radiology (diagnosis + therapy),provider label,17,image-led,investigation,yes,no,no,no,A,,
2021-dec-full-q187,2021,December,full,PrepLadder,full,187,Pharmacology,provider label,19,clinical vignette,fact recall,no,no,yes,no,C,,
2021-dec-full-q188,2021,December,full,PrepLadder,full,188,Medicine,provider label,24,image-led,diagnosis,yes,no,yes,no,A,,
2021-dec-full-q189,2021,December,full,PrepLadder,full,189,Microbiology,provider label,61,clinical vignette,diagnosis,no,no,yes,no,A,,
2021-dec-full-q190,2021,December,full,PrepLadder,full,190,Medicine,provider label,35,clinical vignette,fact recall,no,no,yes,no,B,,
2021-dec-full-q191,2021,December,full,PrepLadder,full,191,Pharmacology,provider label,21,clinical vignette,fact recall,no,no,yes,no,C,,
2021-dec-full-q192,2021,December,full,PrepLadder,full,192,Microbiology,provider label,62,image-led,investigation,yes,no,yes,no,C,,
2021-dec-full-q193,2021,December,full,PrepLadder,full,193,Community Medicine,provider label,25,clinical vignette,management,no,no,yes,no,A,,
2021-dec-full-q194,2021,December,full,PrepLadder,full,194,Radiology (diagnosis + therapy),provider label,7,one-liner,investigation,no,no,no,no,B,,
2021-dec-full-q195,2021,December,full,PrepLadder,full,195,Paediatrics,provider label,57,image-led,diagnosis,yes,no,yes,no,C,,
2021-dec-full-q196,2021,December,full,PrepLadder,full,196,Obstetrics & Gynaecology,provider label,173,clinical vignette,anatomy,no,no,yes,no,A,,
2021-dec-full-q197,2021,December,full,PrepLadder,full,197,Microbiology,provider label,30,clinical vignette,diagnosis,no,no,yes,no,C,,
2021-dec-full-q198,2021,December,full,PrepLadder,full,198,Medicine,provider label,81,clinical vignette,calculation,no,no,yes,yes,B,,
2021-dec-full-q199,2021,December,full,PrepLadder,full,199,Pharmacology,provider label,43,clinical vignette,management,no,no,yes,no,B,,
2021-dec-full-q200,2021,December,full,PrepLadder,full,200,Obstetrics & Gynaecology,provider label,7,one-liner,fact recall,no,no,no,no,C,,
2021-dec-full-q201,2021,December,full,PrepLadder,full,201,Community Medicine,provider label,12,one-liner,fact recall,no,no,no,no,D,,
2021-dec-full-q202,2021,December,full,PrepLadder,full,202,Microbiology,provider label,14,one-liner,investigation,no,no,no,no,C,,
2021-dec-full-q203,2021,December,full,PrepLadder,full,203,Pharmacology,provider label,12,one-liner,fact recall,no,no,no,no,C,,
2021-dec-full-q204,2021,December,full,PrepLadder,full,204,Medicine,provider label,15,one-liner,investigation,no,no,no,no,C,,
2021-dec-full-q205,2021,December,full,PrepLadder,full,205,Obstetrics & Gynaecology,provider label,9,one-liner,diagnosis,no,no,no,no,D,,
2021-dec-full-q206,2021,December,full,PrepLadder,full,206,Microbiology,provider label,11,one-liner,fact recall,no,no,no,no,D,,
2021-dec-full-q207,2021,December,full,PrepLadder,full,207,Paediatrics,provider label,17,clinical vignette,management,no,no,yes,no,C,,
2021-dec-full-q208,2021,December,full,PrepLadder,full,208,Pharmacology,provider label,23,clinical vignette,management,no,no,yes,no,C,,
2021-dec-full-q209,2021,December,full,PrepLadder,full,209,Medicine,provider label,13,clinical vignette,diagnosis,no,no,yes,no,B,,
2021-dec-full-q210,2021,December,full,PrepLadder,full,210,Microbiology,provider label,36,clinical vignette,diagnosis,no,no,yes,no,A,,
2021-dec-full-q211,2021,December,full,PrepLadder,full,211,Medicine,provider label,53,image-led,investigation,yes,no,yes,no,D,,
2021-dec-full-q212,2021,December,full,PrepLadder,full,212,Pharmacology,provider label,33,image-led,diagnosis,yes,no,yes,no,C,,
2021-dec-full-q213,2021,December,full,PrepLadder,full,213,Paediatrics,provider label,25,clinical vignette,fact recall,no,no,yes,no,D,,
2021-dec-full-q214,2021,December,full,PrepLadder,full,214,Obstetrics & Gynaecology,provider label,26,clinical vignette,diagnosis,no,no,yes,no,A,,
2021-dec-full-q215,2021,December,full,PrepLadder,full,215,Microbiology,provider label,43,direct (longer),diagnosis,no,no,no,no,C,,
2021-dec-full-q216,2021,December,full,PrepLadder,full,216,Medicine,provider label,60,clinical vignette,management,no,no,yes,no,C,,
2021-dec-full-q217,2021,December,full,PrepLadder,full,217,Paediatrics,provider label,9,one-liner,fact recall,no,yes,no,no,D,,
2021-dec-full-q218,2021,December,full,PrepLadder,full,218,Physiology,provider label,60,image-led,diagnosis,yes,no,yes,no,C,,
2021-dec-full-q219,2021,December,full,PrepLadder,full,219,Microbiology,provider label,26,clinical vignette,fact recall,no,no,yes,no,B,,
2021-dec-full-q220,2021,December,full,PrepLadder,full,220,Medicine,provider label,52,clinical vignette,diagnosis,no,no,yes,no,B,,
2021-dec-full-q221,2021,December,full,PrepLadder,full,221,Obstetrics & Gynaecology,provider label,14,one-liner,diagnosis,no,no,no,no,C,,
2021-dec-full-q222,2021,December,full,PrepLadder,full,222,Microbiology,provider label,46,clinical vignette,investigation,no,no,yes,no,B,,
2021-dec-full-q223,2021,December,full,PrepLadder,full,223,Medicine,provider label,108,clinical vignette,diagnosis,no,no,yes,no,C,,
2021-dec-full-q224,2021,December,full,PrepLadder,full,224,Paediatrics,provider label,11,one-liner,fact recall,no,no,no,no,B,,
2021-dec-full-q225,2021,December,full,PrepLadder,full,225,Microbiology,provider label,56,clinical vignette,diagnosis,no,no,yes,no,C,,
2021-dec-full-q226,2021,December,full,PrepLadder,full,226,Physiology,provider label,14,clinical vignette,diagnosis,no,no,yes,no,B,,
2021-dec-full-q227,2021,December,full,PrepLadder,full,227,Medicine,provider label,41,image-led,management,yes,no,yes,no,D,,
2021-dec-full-q228,2021,December,full,PrepLadder,full,228,Physiology,provider label,18,clinical vignette,mechanism,no,no,yes,no,D,,
2021-dec-full-q229,2021,December,full,PrepLadder,full,229,Medicine,provider label,53,clinical vignette,diagnosis,no,no,yes,no,B,,
2021-dec-full-q230,2021,December,full,PrepLadder,full,230,Physiology,provider label,14,one-liner,diagnosis,no,no,no,no,C,,
2021-dec-full-q231,2021,December,full,PrepLadder,full,231,Paediatrics,provider label,51,clinical vignette,diagnosis,no,yes,yes,no,C,,
2021-dec-full-q232,2021,December,full,PrepLadder,full,232,Community Medicine,provider label,11,one-liner,fact recall,no,no,no,no,B,,
2021-dec-full-q233,2021,December,full,PrepLadder,full,233,Physiology,provider label,13,one-liner,fact recall,no,no,no,no,B,,
2021-dec-full-q234,2021,December,full,PrepLadder,full,234,Medicine,provider label,32,clinical vignette,investigation,no,no,yes,no,B,,
2021-dec-full-q235,2021,December,full,PrepLadder,full,235,Paediatrics,provider label,37,clinical vignette,investigation,no,no,yes,no,C,,
2021-dec-full-q236,2021,December,full,PrepLadder,full,236,Community Medicine,provider label,24,clinical vignette,mechanism,no,no,yes,no,C,,
2021-dec-full-q237,2021,December,full,PrepLadder,full,237,Orthopaedics,provider label,47,image-led,diagnosis,yes,no,yes,no,D,,
2021-dec-full-q238,2021,December,full,PrepLadder,full,238,Obstetrics & Gynaecology,provider label,43,clinical vignette,management,no,no,yes,no,A,,
2021-dec-full-q239,2021,December,full,PrepLadder,full,239,Radiology (diagnosis + therapy),provider label,15,image-led,investigation,yes,no,no,no,A,,
2021-dec-full-q240,2021,December,full,PrepLadder,full,240,Medicine,provider label,46,clinical vignette,diagnosis,no,no,yes,no,A,,
2021-dec-full-q241,2021,December,full,PrepLadder,full,241,Community Medicine,provider label,10,one-liner,investigation,no,no,no,no,A,,
2021-dec-full-q242,2021,December,full,PrepLadder,full,242,Community Medicine,provider label,15,one-liner,fact recall,no,no,no,no,C,,
2021-dec-full-q243,2021,December,full,PrepLadder,full,243,Obstetrics & Gynaecology,provider label,43,image-led,diagnosis,yes,no,yes,no,C,,
2021-dec-full-q244,2021,December,full,PrepLadder,full,244,Medicine,provider label,49,clinical vignette,diagnosis,no,no,yes,no,C,,
2021-dec-full-q245,2021,December,full,PrepLadder,full,245,Orthopaedics,provider label,3,one-liner,diagnosis,no,no,no,no,A,,
2021-dec-full-q246,2021,December,full,PrepLadder,full,246,Community Medicine,provider label,19,direct (longer),fact recall,no,no,no,no,C,,
2021-dec-full-q247,2021,December,full,PrepLadder,full,247,Medicine,provider label,5,one-liner,management,no,no,no,no,B,,
2021-dec-full-q248,2021,December,full,PrepLadder,full,248,Obstetrics & Gynaecology,provider label,9,one-liner,fact recall,no,yes,no,no,B,,
2021-dec-full-q249,2021,December,full,PrepLadder,full,249,Orthopaedics,provider label,65,clinical vignette,diagnosis,no,no,yes,no,C,,
2021-dec-full-q250,2021,December,full,PrepLadder,full,250,Community Medicine,provider label,36,direct (longer),diagnosis,no,no,no,no,A,,
2021-dec-full-q251,2021,December,full,PrepLadder,full,251,Community Medicine,provider label,11,clinical vignette,fact recall,no,no,yes,no,C,,
2021-dec-full-q252,2021,December,full,PrepLadder,full,252,Orthopaedics,provider label,41,image-led,diagnosis,yes,no,yes,no,B,,
2021-dec-full-q253,2021,December,full,PrepLadder,full,253,Community Medicine,provider label,21,direct (longer),fact recall,no,no,no,no,D,,
2021-dec-full-q254,2021,December,full,PrepLadder,full,254,Community Medicine,provider label,38,clinical vignette,fact recall,no,no,yes,no,D,,
2021-dec-full-q255,2021,December,full,PrepLadder,full,255,Orthopaedics,provider label,12,image-led,diagnosis,yes,no,no,no,B,,
2021-dec-full-q256,2021,December,full,PrepLadder,full,256,Community Medicine,provider label,36,clinical vignette,management,no,no,yes,no,D,,
2021-dec-full-q257,2021,December,full,PrepLadder,full,257,Community Medicine,provider label,45,direct (longer),fact recall,no,no,no,no,A,,
2021-dec-full-q258,2021,December,full,PrepLadder,full,258,Orthopaedics,provider label,21,image-led,diagnosis,yes,no,yes,no,A,,
2021-dec-full-q259,2021,December,full,PrepLadder,full,259,Community Medicine,provider label,17,direct (longer),fact recall,no,no,no,no,A,,
2021-dec-full-q260,2021,December,full,PrepLadder,full,260,Community Medicine,provider label,53,clinical vignette,management,no,no,yes,no,D,,
2021-dec-full-q261,2021,December,full,PrepLadder,full,261,Community Medicine,provider label,27,direct (longer),fact recall,no,no,no,no,B,,
2021-dec-full-q262,2021,December,full,PrepLadder,full,262,Community Medicine,provider label,15,one-liner,fact recall,no,no,no,no,C,,
2021-dec-full-q263,2021,December,full,PrepLadder,full,263,Orthopaedics,provider label,30,clinical vignette,investigation,no,no,yes,no,B,,
2021-dec-full-q264,2021,December,full,PrepLadder,full,264,Community Medicine,provider label,11,one-liner,fact recall,no,no,no,no,A,,
2021-dec-full-q265,2021,December,full,PrepLadder,full,265,Community Medicine,provider label,15,one-liner,calculation,no,no,no,yes,C,,
2021-dec-full-q266,2021,December,full,PrepLadder,full,266,Community Medicine,provider label,55,clinical vignette,calculation,no,no,yes,yes,C,,
2021-dec-full-q267,2021,December,full,PrepLadder,full,267,Community Medicine,provider label,16,image-led,fact recall,yes,no,no,no,B,,
2021-dec-full-q268,2021,December,full,PrepLadder,full,268,Orthopaedics,provider label,37,image-led,diagnosis,yes,no,yes,no,C,,
2021-dec-full-q269,2021,December,full,PrepLadder,full,269,Orthopaedics,provider label,20,clinical vignette,fact recall,no,no,yes,no,B,,
2021-dec-full-q270,2021,December,full,PrepLadder,full,270,Community Medicine,provider label,22,direct (longer),fact recall,no,no,no,no,A,,
2021-dec-full-q271,2021,December,full,PrepLadder,full,271,Community Medicine,provider label,7,one-liner,fact recall,no,no,no,no,A,,
2021-dec-full-q272,2021,December,full,PrepLadder,full,272,Community Medicine,provider label,14,one-liner,mechanism,no,no,no,no,A,,
2021-dec-full-q273,2021,December,full,PrepLadder,full,273,Community Medicine,provider label,20,direct (longer),fact recall,no,no,no,no,A,,
2021-dec-full-q274,2021,December,full,PrepLadder,full,274,Community Medicine,provider label,19,clinical vignette,management,no,no,yes,no,B,,
2021-dec-full-q275,2021,December,full,PrepLadder,full,275,Community Medicine,provider label,24,direct (longer),fact recall,no,no,no,no,C,,
2021-dec-full-q276,2021,December,full,PrepLadder,full,276,Community Medicine,provider label,20,direct (longer),fact recall,no,no,no,no,A,,
2021-dec-full-q277,2021,December,full,PrepLadder,full,277,Community Medicine,provider label,13,one-liner,fact recall,no,no,no,no,A,,
2021-dec-full-q278,2021,December,full,PrepLadder,full,278,ENT,provider label,28,direct (longer),fact recall,no,no,no,no,A,,
2021-dec-full-q279,2021,December,full,PrepLadder,full,279,Anatomy,provider label,5,one-liner,diagnosis,no,no,no,no,B,,
2021-dec-full-q280,2021,December,full,PrepLadder,full,280,Anatomy,provider label,12,one-liner,diagnosis,no,no,no,no,D,,
2021-dec-full-q281,2021,December,full,PrepLadder,full,281,Anatomy,provider label,10,one-liner,fact recall,no,no,no,no,A,,
2021-dec-full-q282,2021,December,full,PrepLadder,full,282,Anaesthesiology,provider label,17,clinical vignette,management,no,no,yes,no,B,,
2021-dec-full-q283,2021,December,full,PrepLadder,full,283,Anaesthesiology,provider label,19,clinical vignette,diagnosis,no,no,yes,no,A,,
2021-dec-full-q284,2021,December,full,PrepLadder,full,284,Medicine,provider label,8,one-liner,fact recall,no,yes,no,no,C,,
2021-dec-full-q285,2021,December,full,PrepLadder,full,285,Biochemistry,provider label,14,one-liner,fact recall,no,no,no,no,C,,
2021-dec-full-q286,2021,December,full,PrepLadder,full,286,Biochemistry,provider label,6,one-liner,mechanism,no,no,no,no,B,,
2021-dec-full-q287,2021,December,full,PrepLadder,full,287,ENT,provider label,12,clinical vignette,management,no,no,yes,no,A,,
2021-dec-full-q288,2021,December,full,PrepLadder,full,288,Forensic Medicine,provider label,23,direct (longer),investigation,no,no,no,no,B,,
2021-dec-full-q289,2021,December,full,PrepLadder,full,289,Medicine,provider label,17,clinical vignette,investigation,no,no,yes,no,D,,
2021-dec-full-q290,2021,December,full,PrepLadder,full,290,Paediatrics,provider label,12,one-liner,fact recall,no,no,no,no,A,,
2021-dec-full-q291,2021,December,full,PrepLadder,full,291,Medicine,provider label,16,direct (longer),diagnosis,no,no,no,no,A,,
2021-dec-full-q292,2021,December,full,PrepLadder,full,292,Medicine,provider label,6,one-liner,fact recall,no,no,no,no,A,,
2021-dec-full-q293,2021,December,full,PrepLadder,full,293,Microbiology,provider label,15,one-liner,fact recall,no,no,no,no,A,,
2021-dec-full-q294,2021,December,full,PrepLadder,full,294,Community Medicine,provider label,20,image-led,diagnosis,yes,no,yes,no,B,,
2021-dec-full-q295,2021,December,full,PrepLadder,full,295,Community Medicine,provider label,29,direct (longer),fact recall,no,no,no,no,C,,
2021-dec-full-q296,2021,December,full,PrepLadder,full,296,Community Medicine,provider label,36,clinical vignette,mechanism,no,no,yes,no,C,,
2021-dec-full-q297,2021,December,full,PrepLadder,full,297,Medicine,provider label,55,clinical vignette,management,no,no,yes,no,B,,
2021-dec-full-q298,2021,December,full,PrepLadder,full,298,General Surgery,provider label,19,clinical vignette,diagnosis,no,no,yes,no,C,,
2021-dec-full-q299,2021,December,full,PrepLadder,full,299,General Surgery,provider label,36,clinical vignette,diagnosis,no,no,yes,no,A,,
2021-dec-full-q300,2021,December,full,PrepLadder,full,300,Biochemistry,provider label,4,one-liner,fact recall,no,no,no,no,A,,
2022-jun-full-q001,2022,June,full,PrepLadder,full,1,Orthopaedics,provider label,35,image-led,diagnosis,yes,no,yes,no,B,,
2022-jun-full-q002,2022,June,full,PrepLadder,full,2,Microbiology,provider label,22,clinical vignette,fact recall,no,no,yes,no,B,,
2022-jun-full-q003,2022,June,full,PrepLadder,full,3,Microbiology,provider label,34,clinical vignette,fact recall,no,yes,yes,no,A,,
2022-jun-full-q004,2022,June,full,PrepLadder,full,4,Microbiology,provider label,13,one-liner,fact recall,no,no,no,no,B,,
2022-jun-full-q005,2022,June,full,PrepLadder,full,5,Orthopaedics,provider label,32,image-led,management,yes,no,yes,no,A,,
2022-jun-full-q006,2022,June,full,PrepLadder,full,6,Microbiology,provider label,10,one-liner,fact recall,no,no,no,no,A,,
2022-jun-full-q007,2022,June,full,PrepLadder,full,7,Microbiology,provider label,54,clinical vignette,diagnosis,no,no,yes,no,D,,
2022-jun-full-q008,2022,June,full,PrepLadder,full,8,Microbiology,provider label,17,direct (longer),investigation,no,no,no,no,C,,
2022-jun-full-q009,2022,June,full,PrepLadder,full,9,Orthopaedics,provider label,37,image-led,diagnosis,yes,no,yes,no,C,,2021-dec-full-q268
2022-jun-full-q010,2022,June,full,PrepLadder,full,10,Orthopaedics,provider label,27,image-led,management,yes,no,yes,no,A,,
2022-jun-full-q011,2022,June,full,PrepLadder,full,11,Orthopaedics,provider label,58,image-led,diagnosis,yes,no,yes,no,C,,
2022-jun-full-q012,2022,June,full,PrepLadder,full,12,Microbiology,provider label,29,clinical vignette,fact recall,no,no,yes,no,B,,
2022-jun-full-q013,2022,June,full,PrepLadder,full,13,Microbiology,provider label,10,one-liner,fact recall,no,no,no,no,C,,
2022-jun-full-q014,2022,June,full,PrepLadder,full,14,Microbiology,provider label,24,clinical vignette,diagnosis,no,no,yes,no,B,,
2022-jun-full-q015,2022,June,full,PrepLadder,full,15,Microbiology,provider label,40,clinical vignette,investigation,no,no,yes,no,A,,
2022-jun-full-q016,2022,June,full,PrepLadder,full,16,Obstetrics & Gynaecology,provider label,12,image-led,diagnosis,yes,no,yes,no,A,,
2022-jun-full-q017,2022,June,full,PrepLadder,full,17,Obstetrics & Gynaecology,provider label,8,one-liner,fact recall,no,no,no,no,B,,
2022-jun-full-q018,2022,June,full,PrepLadder,full,18,Obstetrics & Gynaecology,provider label,38,clinical vignette,diagnosis,no,no,yes,no,A,,
2022-jun-full-q019,2022,June,full,PrepLadder,full,19,Obstetrics & Gynaecology,provider label,8,image-led,diagnosis,yes,no,no,no,B,,
2022-jun-full-q020,2022,June,full,PrepLadder,full,20,Obstetrics & Gynaecology,provider label,9,image-led,fact recall,yes,no,no,no,B,,
2022-jun-full-q021,2022,June,full,PrepLadder,full,21,Obstetrics & Gynaecology,provider label,22,clinical vignette,fact recall,no,no,yes,no,D,,2021-dec-full-q129
2022-jun-full-q022,2022,June,full,PrepLadder,full,22,Ophthalmology,provider label,14,clinical vignette,investigation,no,no,yes,no,C,,
2022-jun-full-q023,2022,June,full,PrepLadder,full,23,Obstetrics & Gynaecology,provider label,35,clinical vignette,investigation,no,no,yes,no,D,,
2022-jun-full-q024,2022,June,full,PrepLadder,full,24,Obstetrics & Gynaecology,provider label,34,image-led,diagnosis,yes,no,yes,no,C,,
2022-jun-full-q025,2022,June,full,PrepLadder,full,25,Obstetrics & Gynaecology,provider label,12,one-liner,fact recall,no,no,no,no,A,,
2022-jun-full-q026,2022,June,full,PrepLadder,full,26,Obstetrics & Gynaecology,provider label,5,image-led,investigation,yes,no,no,no,D,,
2022-jun-full-q027,2022,June,full,PrepLadder,full,27,Obstetrics & Gynaecology,provider label,6,one-liner,fact recall,no,no,no,no,C,,
2022-jun-full-q028,2022,June,full,PrepLadder,full,28,Obstetrics & Gynaecology,provider label,20,image-led,investigation,yes,no,no,no,B,,
2022-jun-full-q029,2022,June,full,PrepLadder,full,29,Obstetrics & Gynaecology,provider label,13,one-liner,fact recall,no,no,no,no,B,,
2022-jun-full-q030,2022,June,full,PrepLadder,full,30,Ophthalmology,provider label,55,clinical vignette,diagnosis,no,no,yes,no,B,,2021-dec-full-q055
2022-jun-full-q031,2022,June,full,PrepLadder,full,31,Obstetrics & Gynaecology,provider label,16,direct (longer),fact recall,no,no,no,no,D,,
2022-jun-full-q032,2022,June,full,PrepLadder,full,32,Ophthalmology,provider label,26,clinical vignette,fact recall,no,no,yes,no,A,,
2022-jun-full-q033,2022,June,full,PrepLadder,full,33,Ophthalmology,provider label,7,image-led,diagnosis,yes,no,no,no,A,,
2022-jun-full-q034,2022,June,full,PrepLadder,full,34,Ophthalmology,provider label,38,image-led,diagnosis,yes,no,yes,no,A,,
2022-jun-full-q035,2022,June,full,PrepLadder,full,35,Obstetrics & Gynaecology,provider label,20,direct (longer),management,no,no,no,no,D,,
2022-jun-full-q036,2022,June,full,PrepLadder,full,36,Ophthalmology,provider label,21,clinical vignette,management,no,no,yes,no,B,,
2022-jun-full-q037,2022,June,full,PrepLadder,full,37,Ophthalmology,provider label,32,clinical vignette,diagnosis,no,no,yes,no,C,,
2022-jun-full-q038,2022,June,full,PrepLadder,full,38,Ophthalmology,provider label,38,clinical vignette,diagnosis,no,no,yes,no,A,,
2022-jun-full-q039,2022,June,full,PrepLadder,full,39,Ophthalmology,provider label,41,clinical vignette,management,no,yes,yes,no,C,,
2022-jun-full-q040,2022,June,full,PrepLadder,full,40,Ophthalmology,provider label,38,clinical vignette,diagnosis,no,no,yes,no,B,,
2022-jun-full-q041,2022,June,full,PrepLadder,full,41,Obstetrics & Gynaecology,provider label,54,clinical vignette,management,no,no,yes,no,C,,
2022-jun-full-q042,2022,June,full,PrepLadder,full,42,Obstetrics & Gynaecology,provider label,12,one-liner,mechanism,no,no,no,no,A,,
2022-jun-full-q043,2022,June,full,PrepLadder,full,43,Obstetrics & Gynaecology,provider label,16,clinical vignette,fact recall,no,no,yes,no,B,,
2022-jun-full-q044,2022,June,full,PrepLadder,full,44,Obstetrics & Gynaecology,provider label,47,clinical vignette,diagnosis,no,no,yes,no,D,,
2022-jun-full-q045,2022,June,full,PrepLadder,full,45,Obstetrics & Gynaecology,provider label,15,one-liner,management,no,no,no,no,C,,
2022-jun-full-q046,2022,June,full,PrepLadder,full,46,Obstetrics & Gynaecology,provider label,11,one-liner,fact recall,no,no,no,no,D,,
2022-jun-full-q047,2022,June,full,PrepLadder,full,47,Obstetrics & Gynaecology,provider label,9,one-liner,investigation,no,no,no,no,B,,
2022-jun-full-q048,2022,June,full,PrepLadder,full,48,Obstetrics & Gynaecology,provider label,12,one-liner,fact recall,no,no,no,no,A,,
2022-jun-full-q049,2022,June,full,PrepLadder,full,49,Obstetrics & Gynaecology,provider label,15,clinical vignette,investigation,no,no,yes,no,B,,
2022-jun-full-q050,2022,June,full,PrepLadder,full,50,Obstetrics & Gynaecology,provider label,29,image-led,diagnosis,yes,no,yes,no,A,,
2022-jun-full-q051,2022,June,full,PrepLadder,full,51,Obstetrics & Gynaecology,provider label,13,one-liner,investigation,no,yes,no,no,C,,
2022-jun-full-q052,2022,June,full,PrepLadder,full,52,Obstetrics & Gynaecology,provider label,21,clinical vignette,management,no,yes,yes,no,C,,
2022-jun-full-q053,2022,June,full,PrepLadder,full,53,Obstetrics & Gynaecology,provider label,44,image-led,management,yes,no,yes,no,C,,
2022-jun-full-q054,2022,June,full,PrepLadder,full,54,Obstetrics & Gynaecology,provider label,54,clinical vignette,calculation,no,no,yes,yes,A,,
2022-jun-full-q055,2022,June,full,PrepLadder,full,55,Obstetrics & Gynaecology,provider label,12,one-liner,fact recall,no,no,no,no,C,,
2022-jun-full-q056,2022,June,full,PrepLadder,full,56,Obstetrics & Gynaecology,provider label,20,clinical vignette,management,no,no,yes,no,A,,
2022-jun-full-q057,2022,June,full,PrepLadder,full,57,Obstetrics & Gynaecology,provider label,69,clinical vignette,diagnosis,no,yes,yes,no,D,,
2022-jun-full-q058,2022,June,full,PrepLadder,full,58,Obstetrics & Gynaecology,provider label,43,image-led,diagnosis,yes,no,yes,no,C,,2021-dec-full-q243
2022-jun-full-q059,2022,June,full,PrepLadder,full,59,Obstetrics & Gynaecology,provider label,41,clinical vignette,diagnosis,no,no,yes,no,D,,
2022-jun-full-q060,2022,June,full,PrepLadder,full,60,Obstetrics & Gynaecology,provider label,32,clinical vignette,management,no,no,yes,no,A,,
2022-jun-full-q061,2022,June,full,PrepLadder,full,61,Radiology (diagnosis + therapy),provider label,10,image-led,diagnosis,yes,no,no,no,D,,
2022-jun-full-q062,2022,June,full,PrepLadder,full,62,Radiology (diagnosis + therapy),provider label,34,image-led,diagnosis,yes,no,yes,no,C,,
2022-jun-full-q063,2022,June,full,PrepLadder,full,63,Radiology (diagnosis + therapy),provider label,6,one-liner,fact recall,no,no,no,no,C,,
2022-jun-full-q064,2022,June,full,PrepLadder,full,64,Radiology (diagnosis + therapy),provider label,21,image-led,diagnosis,yes,no,no,no,A,,
2022-jun-full-q065,2022,June,full,PrepLadder,full,65,Radiology (diagnosis + therapy),provider label,11,one-liner,management,no,yes,no,no,B,,
2022-jun-full-q066,2022,June,full,PrepLadder,full,66,Anatomy,provider label,36,image-led,diagnosis,yes,no,yes,no,A,,
2022-jun-full-q067,2022,June,full,PrepLadder,full,67,Anatomy,provider label,5,image-led,diagnosis,yes,no,no,no,B,,
2022-jun-full-q068,2022,June,full,PrepLadder,full,68,Anatomy,provider label,26,clinical vignette,investigation,no,no,yes,no,B,,
2022-jun-full-q069,2022,June,full,PrepLadder,full,69,Anatomy,provider label,11,image-led,mechanism,yes,no,no,no,C,,
2022-jun-full-q070,2022,June,full,PrepLadder,full,70,Anatomy,provider label,11,image-led,investigation,yes,no,no,no,C,,
2022-jun-full-q071,2022,June,full,PrepLadder,full,71,Anatomy,provider label,12,one-liner,fact recall,no,no,no,no,A,,
2022-jun-full-q072,2022,June,full,PrepLadder,full,72,Anatomy,provider label,11,image-led,fact recall,yes,no,no,no,C,,
2022-jun-full-q073,2022,June,full,PrepLadder,full,73,Anatomy,provider label,27,clinical vignette,diagnosis,no,no,yes,no,B,,
2022-jun-full-q074,2022,June,full,PrepLadder,full,74,Anatomy,provider label,14,image-led,diagnosis,yes,no,no,no,A,,
2022-jun-full-q075,2022,June,full,PrepLadder,full,75,Anatomy,provider label,17,direct (longer),anatomy,no,no,no,no,B,,
2022-jun-full-q076,2022,June,full,PrepLadder,full,76,Anatomy,provider label,9,image-led,diagnosis,yes,no,no,no,D,,
2022-jun-full-q077,2022,June,full,PrepLadder,full,77,Anatomy,provider label,12,image-led,fact recall,yes,no,no,no,B,,2021-dec-full-q009
2022-jun-full-q078,2022,June,full,PrepLadder,full,78,Anatomy,provider label,10,image-led,diagnosis,yes,no,no,no,B,,
2022-jun-full-q079,2022,June,full,PrepLadder,full,79,Anatomy,provider label,33,clinical vignette,diagnosis,no,no,yes,no,A,,
2022-jun-full-q080,2022,June,full,PrepLadder,full,80,Anatomy,provider label,10,image-led,investigation,yes,no,no,no,D,,
2022-jun-full-q081,2022,June,full,PrepLadder,full,81,Anatomy,provider label,9,image-led,fact recall,yes,no,no,no,A,,
2022-jun-full-q082,2022,June,full,PrepLadder,full,82,Ophthalmology,provider label,73,image-led,diagnosis,yes,no,yes,no,C,,
2022-jun-full-q083,2022,June,full,PrepLadder,full,83,Ophthalmology,provider label,60,clinical vignette,diagnosis,no,no,yes,no,A,,
2022-jun-full-q084,2022,June,full,PrepLadder,full,84,Ophthalmology,provider label,17,direct (longer),management,no,no,no,no,D,,
2022-jun-full-q085,2022,June,full,PrepLadder,full,85,Ophthalmology,provider label,22,clinical vignette,diagnosis,no,no,yes,no,D,,
2022-jun-full-q086,2022,June,full,PrepLadder,full,86,General Surgery,provider label,17,direct (longer),anatomy,no,no,no,no,A,,
2022-jun-full-q087,2022,June,full,PrepLadder,full,87,General Surgery,provider label,49,image-led,management,yes,no,yes,no,A,,
2022-jun-full-q088,2022,June,full,PrepLadder,full,88,General Surgery,provider label,31,clinical vignette,diagnosis,no,no,yes,no,C,,
2022-jun-full-q089,2022,June,full,PrepLadder,full,89,Biochemistry,provider label,37,image-led,diagnosis,yes,no,yes,no,A,,
2022-jun-full-q090,2022,June,full,PrepLadder,full,90,General Surgery,provider label,37,image-led,diagnosis,yes,no,yes,no,B,,2021-dec-full-q155
2022-jun-full-q091,2022,June,full,PrepLadder,full,91,Biochemistry,provider label,47,image-led,diagnosis,yes,no,yes,no,D,,
2022-jun-full-q092,2022,June,full,PrepLadder,full,92,Biochemistry,provider label,5,one-liner,fact recall,no,no,no,no,B,,
2022-jun-full-q093,2022,June,full,PrepLadder,full,93,General Surgery,provider label,21,clinical vignette,management,no,yes,yes,no,A,,
2022-jun-full-q094,2022,June,full,PrepLadder,full,94,Biochemistry,provider label,10,one-liner,fact recall,no,no,no,no,A,,
2022-jun-full-q095,2022,June,full,PrepLadder,full,95,Biochemistry,provider label,12,one-liner,mechanism,no,no,no,no,B,,
2022-jun-full-q096,2022,June,full,PrepLadder,full,96,General Surgery,provider label,29,clinical vignette,management,no,no,yes,no,A,,
2022-jun-full-q097,2022,June,full,PrepLadder,full,97,General Surgery,provider label,43,image-led,management,yes,no,yes,no,C,,
2022-jun-full-q098,2022,June,full,PrepLadder,full,98,Biochemistry,provider label,16,direct (longer),fact recall,no,no,no,no,B,,
2022-jun-full-q099,2022,June,full,PrepLadder,full,99,General Surgery,provider label,28,clinical vignette,diagnosis,no,no,yes,no,C,,
2022-jun-full-q100,2022,June,full,PrepLadder,full,100,General Surgery,provider label,30,clinical vignette,diagnosis,no,no,yes,no,B,,
2022-jun-full-q101,2022,June,full,PrepLadder,full,101,General Surgery,provider label,66,image-led,management,yes,no,yes,no,A,,2021-dec-full-q039
2022-jun-full-q102,2022,June,full,PrepLadder,full,102,Dermatology,provider label,11,one-liner,fact recall,no,no,no,no,B,,
2022-jun-full-q103,2022,June,full,PrepLadder,full,103,General Surgery,provider label,27,clinical vignette,management,no,no,yes,no,B,,
2022-jun-full-q104,2022,June,full,PrepLadder,full,104,General Surgery,provider label,13,image-led,fact recall,yes,no,no,no,D,,
2022-jun-full-q105,2022,June,full,PrepLadder,full,105,Anaesthesiology,provider label,7,one-liner,management,no,no,no,no,B,,
2022-jun-full-q106,2022,June,full,PrepLadder,full,106,General Surgery,provider label,21,direct (longer),fact recall,no,no,no,no,D,,
2022-jun-full-q107,2022,June,full,PrepLadder,full,107,General Surgery,provider label,13,one-liner,fact recall,no,no,no,no,D,,
2022-jun-full-q108,2022,June,full,PrepLadder,full,108,Anaesthesiology,provider label,21,direct (longer),fact recall,no,no,no,no,A,,
2022-jun-full-q109,2022,June,full,PrepLadder,full,109,Dermatology,provider label,17,image-led,diagnosis,yes,no,yes,no,D,,
2022-jun-full-q110,2022,June,full,PrepLadder,full,110,General Surgery,provider label,39,clinical vignette,diagnosis,no,no,yes,no,C,,
2022-jun-full-q111,2022,June,full,PrepLadder,full,111,Dermatology,provider label,10,one-liner,investigation,no,yes,no,no,D,,
2022-jun-full-q112,2022,June,full,PrepLadder,full,112,Dermatology,provider label,9,image-led,diagnosis,yes,no,no,no,A,,
2022-jun-full-q113,2022,June,full,PrepLadder,full,113,Anaesthesiology,provider label,16,direct (longer),anatomy,no,no,no,no,C,,
2022-jun-full-q114,2022,June,full,PrepLadder,full,114,Psychiatry,provider label,18,direct (longer),fact recall,no,no,no,no,D,,
2022-jun-full-q115,2022,June,full,PrepLadder,full,115,Dermatology,provider label,12,image-led,diagnosis,yes,no,no,no,B,,
2022-jun-full-q116,2022,June,full,PrepLadder,full,116,General Surgery,provider label,10,one-liner,fact recall,no,no,no,no,B,,
2022-jun-full-q117,2022,June,full,PrepLadder,full,117,Anaesthesiology,provider label,47,clinical vignette,management,no,no,yes,no,B,,
2022-jun-full-q118,2022,June,full,PrepLadder,full,118,Dermatology,provider label,21,image-led,diagnosis,yes,no,yes,no,B,,
2022-jun-full-q119,2022,June,full,PrepLadder,full,119,Psychiatry,provider label,49,clinical vignette,diagnosis,no,no,yes,no,B,,
2022-jun-full-q120,2022,June,full,PrepLadder,full,120,Anaesthesiology,provider label,36,clinical vignette,fact recall,no,yes,yes,no,C,,
2022-jun-full-q121,2022,June,full,PrepLadder,full,121,Biochemistry,provider label,10,one-liner,fact recall,no,no,no,no,D,,
2022-jun-full-q122,2022,June,full,PrepLadder,full,122,Biochemistry,provider label,51,clinical vignette,fact recall,no,no,yes,no,C,,
2022-jun-full-q123,2022,June,full,PrepLadder,full,123,Biochemistry,provider label,13,one-liner,diagnosis,no,no,no,no,A,,
2022-jun-full-q124,2022,June,full,PrepLadder,full,124,Psychiatry,provider label,13,one-liner,fact recall,no,no,no,no,A,,
2022-jun-full-q125,2022,June,full,PrepLadder,full,125,Biochemistry,provider label,40,clinical vignette,diagnosis,no,no,yes,no,C,,
2022-jun-full-q126,2022,June,full,PrepLadder,full,126,Biochemistry,provider label,31,clinical vignette,diagnosis,no,no,yes,no,C,,
2022-jun-full-q127,2022,June,full,PrepLadder,full,127,General Surgery,provider label,40,clinical vignette,diagnosis,no,no,yes,no,C,,
2022-jun-full-q128,2022,June,full,PrepLadder,full,128,General Surgery,provider label,52,clinical vignette,diagnosis,no,no,yes,no,A,,
2022-jun-full-q129,2022,June,full,PrepLadder,full,129,General Surgery,provider label,14,one-liner,anatomy,no,no,no,no,B,,
2022-jun-full-q130,2022,June,full,PrepLadder,full,130,General Surgery,provider label,23,clinical vignette,investigation,no,no,yes,no,D,,
2022-jun-full-q131,2022,June,full,PrepLadder,full,131,Psychiatry,provider label,42,clinical vignette,management,no,no,yes,no,D,,
2022-jun-full-q132,2022,June,full,PrepLadder,full,132,General Surgery,provider label,10,clinical vignette,diagnosis,no,no,yes,no,B,,
2022-jun-full-q133,2022,June,full,PrepLadder,full,133,General Surgery,provider label,12,image-led,investigation,yes,no,no,no,B,,
2022-jun-full-q134,2022,June,full,PrepLadder,full,134,General Surgery,provider label,14,one-liner,investigation,no,no,no,no,A,,
2022-jun-full-q135,2022,June,full,PrepLadder,full,135,Psychiatry,provider label,24,clinical vignette,diagnosis,no,no,yes,no,D,,
2022-jun-full-q136,2022,June,full,PrepLadder,full,136,General Surgery,provider label,51,clinical vignette,mechanism,no,no,yes,no,B,,
2022-jun-full-q137,2022,June,full,PrepLadder,full,137,General Surgery,provider label,36,image-led,diagnosis,yes,no,yes,no,C,,
2022-jun-full-q138,2022,June,full,PrepLadder,full,138,ENT,provider label,12,one-liner,investigation,no,no,no,no,A,,
2022-jun-full-q139,2022,June,full,PrepLadder,full,139,Forensic Medicine,provider label,12,image-led,fact recall,yes,no,no,no,B,,
2022-jun-full-q140,2022,June,full,PrepLadder,full,140,General Surgery,provider label,31,clinical vignette,diagnosis,no,no,yes,no,D,,
2022-jun-full-q141,2022,June,full,PrepLadder,full,141,General Surgery,provider label,15,one-liner,mechanism,no,no,no,no,A,,
2022-jun-full-q142,2022,June,full,PrepLadder,full,142,General Surgery,provider label,62,clinical vignette,mechanism,no,no,yes,no,C,,
2022-jun-full-q143,2022,June,full,PrepLadder,full,143,ENT,provider label,38,clinical vignette,diagnosis,no,no,yes,no,B,,
2022-jun-full-q144,2022,June,full,PrepLadder,full,144,General Surgery,provider label,20,clinical vignette,fact recall,no,no,yes,no,A,,
2022-jun-full-q145,2022,June,full,PrepLadder,full,145,Forensic Medicine,provider label,89,clinical vignette,management,no,no,yes,no,B,,
2022-jun-full-q146,2022,June,full,PrepLadder,full,146,ENT,provider label,48,clinical vignette,investigation,no,no,yes,no,C,,
2022-jun-full-q147,2022,June,full,PrepLadder,full,147,Forensic Medicine,provider label,29,clinical vignette,fact recall,no,no,yes,no,C,,
2022-jun-full-q148,2022,June,full,PrepLadder,full,148,Community Medicine,provider label,68,clinical vignette,diagnosis,no,no,yes,no,B,,
2022-jun-full-q149,2022,June,full,PrepLadder,full,149,General Surgery,provider label,25,clinical vignette,anatomy,no,no,yes,no,A,,
2022-jun-full-q150,2022,June,full,PrepLadder,full,150,Forensic Medicine,provider label,26,direct (longer),fact recall,no,no,no,no,C,,
2022-jun-full-q151,2022,June,full,PrepLadder,full,151,ENT,provider label,33,clinical vignette,diagnosis,no,no,yes,no,A,,
2022-jun-full-q152,2022,June,full,PrepLadder,full,152,Forensic Medicine,provider label,86,clinical vignette,management,no,no,yes,no,D,,
2022-jun-full-q153,2022,June,full,PrepLadder,full,153,ENT,provider label,56,direct (longer),management,no,no,no,no,D,,
2022-jun-full-q154,2022,June,full,PrepLadder,full,154,Forensic Medicine,provider label,56,direct (longer),fact recall,no,no,no,no,D,,
2022-jun-full-q155,2022,June,full,PrepLadder,full,155,ENT,provider label,14,one-liner,diagnosis,no,no,no,no,C,,
2022-jun-full-q156,2022,June,full,PrepLadder,full,156,Forensic Medicine,provider label,15,one-liner,fact recall,no,no,no,no,B,,
2022-jun-full-q157,2022,June,full,PrepLadder,full,157,General Surgery,provider label,27,direct (longer),mechanism,no,no,no,no,B,,
2022-jun-full-q158,2022,June,full,PrepLadder,full,158,General Surgery,provider label,22,clinical vignette,management,no,no,yes,no,D,,
2022-jun-full-q159,2022,June,full,PrepLadder,full,159,Forensic Medicine,provider label,17,direct (longer),fact recall,no,no,no,no,B,,
2022-jun-full-q160,2022,June,full,PrepLadder,full,160,ENT,provider label,38,clinical vignette,diagnosis,no,no,yes,no,A,,
2022-jun-full-q161,2022,June,full,PrepLadder,full,161,Community Medicine,provider label,13,one-liner,fact recall,no,no,no,no,A,,
2022-jun-full-q162,2022,June,full,PrepLadder,full,162,Forensic Medicine,provider label,17,direct (longer),fact recall,no,no,no,no,B,,
2022-jun-full-q163,2022,June,full,PrepLadder,full,163,Forensic Medicine,provider label,44,clinical vignette,diagnosis,no,no,yes,no,D,,
2022-jun-full-q164,2022,June,full,PrepLadder,full,164,ENT,provider label,15,one-liner,investigation,no,no,no,no,B,,
2022-jun-full-q165,2022,June,full,PrepLadder,full,165,Community Medicine,provider label,12,one-liner,management,no,no,no,no,C,,
2022-jun-full-q166,2022,June,full,PrepLadder,full,166,ENT,provider label,58,clinical vignette,calculation,no,yes,yes,yes,B,,
2022-jun-full-q167,2022,June,full,PrepLadder,full,167,ENT,provider label,52,clinical vignette,management,no,no,yes,no,C,,
2022-jun-full-q168,2022,June,full,PrepLadder,full,168,Pathology,provider label,7,one-liner,fact recall,no,yes,no,no,D,,
2022-jun-full-q169,2022,June,full,PrepLadder,full,169,Community Medicine,provider label,15,one-liner,fact recall,no,no,no,no,D,,
2022-jun-full-q170,2022,June,full,PrepLadder,full,170,ENT,provider label,41,image-led,diagnosis,yes,no,yes,no,B,,
2022-jun-full-q171,2022,June,full,PrepLadder,full,171,Community Medicine,provider label,11,one-liner,fact recall,no,no,no,no,B,,
2022-jun-full-q172,2022,June,full,PrepLadder,full,172,Community Medicine,provider label,13,one-liner,fact recall,no,yes,no,no,B,,
2022-jun-full-q173,2022,June,full,PrepLadder,full,173,Community Medicine,provider label,26,clinical vignette,investigation,no,no,yes,no,D,,
2022-jun-full-q174,2022,June,full,PrepLadder,full,174,Community Medicine,provider label,19,clinical vignette,fact recall,no,no,yes,no,C,,
2022-jun-full-q175,2022,June,full,PrepLadder,full,175,Community Medicine,provider label,9,one-liner,diagnosis,no,yes,no,no,B,,
2022-jun-full-q176,2022,June,full,PrepLadder,full,176,Pathology,provider label,7,one-liner,mechanism,no,no,no,no,B,,
2022-jun-full-q177,2022,June,full,PrepLadder,full,177,Community Medicine,provider label,42,direct (longer),diagnosis,no,no,no,no,A,,
2022-jun-full-q178,2022,June,full,PrepLadder,full,178,Physiology,provider label,23,direct (longer),anatomy,no,no,no,no,B,,
2022-jun-full-q179,2022,June,full,PrepLadder,full,179,Pathology,provider label,35,clinical vignette,diagnosis,no,no,yes,no,C,,
2022-jun-full-q180,2022,June,full,PrepLadder,full,180,Physiology,provider label,6,one-liner,fact recall,no,no,no,no,A,,
2022-jun-full-q181,2022,June,full,PrepLadder,full,181,Physiology,provider label,10,one-liner,mechanism,no,no,no,no,A,,
2022-jun-full-q182,2022,June,full,PrepLadder,full,182,Pathology,provider label,10,one-liner,investigation,no,no,no,no,D,,
2022-jun-full-q183,2022,June,full,PrepLadder,full,183,Community Medicine,provider label,23,direct (longer),investigation,no,no,no,no,B,,
2022-jun-full-q184,2022,June,full,PrepLadder,full,184,Physiology,provider label,18,direct (longer),mechanism,no,no,no,no,A,,
2022-jun-full-q185,2022,June,full,PrepLadder,full,185,Pathology,provider label,13,one-liner,investigation,no,no,no,no,D,,
2022-jun-full-q186,2022,June,full,PrepLadder,full,186,Physiology,provider label,12,one-liner,mechanism,no,no,no,no,A,,
2022-jun-full-q187,2022,June,full,PrepLadder,full,187,ENT,provider label,27,image-led,diagnosis,yes,no,yes,no,D,,
2022-jun-full-q188,2022,June,full,PrepLadder,full,188,Physiology,provider label,13,one-liner,fact recall,no,no,no,no,C,,
2022-jun-full-q189,2022,June,full,PrepLadder,full,189,ENT,provider label,16,clinical vignette,diagnosis,no,no,yes,no,D,,
2022-jun-full-q190,2022,June,full,PrepLadder,full,190,Physiology,provider label,17,direct (longer),mechanism,no,no,no,no,B,,
2022-jun-full-q191,2022,June,full,PrepLadder,full,191,Physiology,provider label,17,direct (longer),mechanism,no,no,no,no,B,,
2022-jun-full-q192,2022,June,full,PrepLadder,full,192,Physiology,provider label,7,one-liner,fact recall,no,no,no,no,A,,
2022-jun-full-q193,2022,June,full,PrepLadder,full,193,Community Medicine,provider label,15,one-liner,fact recall,no,no,no,no,C,,
2022-jun-full-q194,2022,June,full,PrepLadder,full,194,Physiology,provider label,18,clinical vignette,mechanism,no,no,yes,no,D,,2021-dec-full-q228
2022-jun-full-q195,2022,June,full,PrepLadder,full,195,Physiology,provider label,15,one-liner,mechanism,no,no,no,no,A,,
2022-jun-full-q196,2022,June,full,PrepLadder,full,196,Physiology,provider label,12,one-liner,mechanism,no,no,no,no,A,,
2022-jun-full-q197,2022,June,full,PrepLadder,full,197,Community Medicine,provider label,11,one-liner,fact recall,no,yes,no,no,D,,
2022-jun-full-q198,2022,June,full,PrepLadder,full,198,Physiology,provider label,32,clinical vignette,mechanism,no,no,yes,no,D,,
2022-jun-full-q199,2022,June,full,PrepLadder,full,199,Pharmacology,provider label,45,clinical vignette,mechanism,no,no,yes,no,D,,
2022-jun-full-q200,2022,June,full,PrepLadder,full,200,Community Medicine,provider label,12,one-liner,mechanism,no,no,no,no,A,,
2022-jun-full-q201,2022,June,full,PrepLadder,full,201,Pharmacology,provider label,13,one-liner,fact recall,no,no,no,no,B,,
2022-jun-full-q202,2022,June,full,PrepLadder,full,202,Community Medicine,provider label,16,direct (longer),fact recall,no,no,no,no,A,,
2022-jun-full-q203,2022,June,full,PrepLadder,full,203,Pharmacology,provider label,42,clinical vignette,diagnosis,no,no,yes,no,B,,
2022-jun-full-q204,2022,June,full,PrepLadder,full,204,Community Medicine,provider label,20,clinical vignette,mechanism,no,no,yes,no,B,,
2022-jun-full-q205,2022,June,full,PrepLadder,full,205,Pharmacology,provider label,14,one-liner,management,no,yes,no,no,D,,
2022-jun-full-q206,2022,June,full,PrepLadder,full,206,Pharmacology,provider label,27,clinical vignette,management,no,yes,yes,no,C,,
2022-jun-full-q207,2022,June,full,PrepLadder,full,207,Pharmacology,provider label,9,one-liner,fact recall,no,no,no,no,D,,
2022-jun-full-q208,2022,June,full,PrepLadder,full,208,Community Medicine,provider label,27,clinical vignette,fact recall,no,no,yes,no,D,,
2022-jun-full-q209,2022,June,full,PrepLadder,full,209,Pharmacology,provider label,19,direct (longer),mechanism,no,no,no,no,A,,
2022-jun-full-q210,2022,June,full,PrepLadder,full,210,Pharmacology,provider label,9,one-liner,fact recall,no,no,no,no,C,,
2022-jun-full-q211,2022,June,full,PrepLadder,full,211,Pathology,provider label,51,clinical vignette,diagnosis,no,no,yes,no,C,,
2022-jun-full-q212,2022,June,full,PrepLadder,full,212,Community Medicine,provider label,12,one-liner,fact recall,no,no,no,no,A,,
2022-jun-full-q213,2022,June,full,PrepLadder,full,213,Paediatrics,provider label,11,one-liner,fact recall,no,no,no,no,D,,
2022-jun-full-q214,2022,June,full,PrepLadder,full,214,Community Medicine,provider label,11,one-liner,fact recall,no,no,no,no,B,,2021-dec-full-q232
2022-jun-full-q215,2022,June,full,PrepLadder,full,215,Pathology,provider label,33,clinical vignette,diagnosis,no,no,yes,no,C,,
2022-jun-full-q216,2022,June,full,PrepLadder,full,216,Paediatrics,provider label,49,clinical vignette,diagnosis,no,no,yes,no,B,,
2022-jun-full-q217,2022,June,full,PrepLadder,full,217,Paediatrics,provider label,50,clinical vignette,diagnosis,no,no,yes,no,A,,2021-dec-full-q173
2022-jun-full-q218,2022,June,full,PrepLadder,full,218,Community Medicine,provider label,18,direct (longer),fact recall,no,no,no,no,A,,
2022-jun-full-q219,2022,June,full,PrepLadder,full,219,Pharmacology,provider label,24,clinical vignette,diagnosis,no,no,yes,no,A,,
2022-jun-full-q220,2022,June,full,PrepLadder,full,220,Paediatrics,provider label,34,clinical vignette,fact recall,no,no,yes,no,C,,
2022-jun-full-q221,2022,June,full,PrepLadder,full,221,Pathology,provider label,60,clinical vignette,investigation,no,no,yes,no,C,,
2022-jun-full-q222,2022,June,full,PrepLadder,full,222,Community Medicine,provider label,8,one-liner,fact recall,no,no,no,no,D,,
2022-jun-full-q223,2022,June,full,PrepLadder,full,223,Pathology,provider label,13,one-liner,fact recall,no,no,no,no,A,,
2022-jun-full-q224,2022,June,full,PrepLadder,full,224,Paediatrics,provider label,37,clinical vignette,calculation,no,no,yes,yes,D,,
2022-jun-full-q225,2022,June,full,PrepLadder,full,225,Community Medicine,provider label,17,direct (longer),fact recall,no,no,no,no,C,,
2022-jun-full-q226,2022,June,full,PrepLadder,full,226,Paediatrics,provider label,10,one-liner,mechanism,no,no,no,no,D,,
2022-jun-full-q227,2022,June,full,PrepLadder,full,227,Pathology,provider label,38,clinical vignette,diagnosis,no,no,yes,no,D,,
2022-jun-full-q228,2022,June,full,PrepLadder,full,228,Paediatrics,provider label,38,clinical vignette,calculation,no,no,yes,yes,C,,
2022-jun-full-q229,2022,June,full,PrepLadder,full,229,Pathology,provider label,12,one-liner,fact recall,no,no,no,no,D,,
2022-jun-full-q230,2022,June,full,PrepLadder,full,230,Community Medicine,provider label,9,one-liner,management,no,no,no,no,A,,
2022-jun-full-q231,2022,June,full,PrepLadder,full,231,Paediatrics,provider label,13,clinical vignette,mechanism,no,no,yes,no,C,,
2022-jun-full-q232,2022,June,full,PrepLadder,full,232,Pathology,provider label,38,direct (longer),investigation,no,yes,no,no,B,,
2022-jun-full-q233,2022,June,full,PrepLadder,full,233,Pathology,provider label,28,clinical vignette,fact recall,no,yes,yes,no,C,,
2022-jun-full-q234,2022,June,full,PrepLadder,full,234,Paediatrics,provider label,29,clinical vignette,management,no,no,yes,no,B,,
2022-jun-full-q235,2022,June,full,PrepLadder,full,235,Pharmacology,provider label,15,one-liner,anatomy,no,no,no,no,A,,
2022-jun-full-q236,2022,June,full,PrepLadder,full,236,Medicine,provider label,26,clinical vignette,mechanism,no,no,yes,no,B,,
2022-jun-full-q237,2022,June,full,PrepLadder,full,237,Pharmacology,provider label,11,one-liner,fact recall,no,no,no,no,C,,
2022-jun-full-q238,2022,June,full,PrepLadder,full,238,Pharmacology,provider label,6,one-liner,fact recall,no,no,no,no,A,,
2022-jun-full-q239,2022,June,full,PrepLadder,full,239,Pharmacology,provider label,38,clinical vignette,mechanism,no,no,yes,no,C,,
2022-jun-full-q240,2022,June,full,PrepLadder,full,240,Pharmacology,provider label,30,image-led,management,yes,no,yes,no,B,,
2022-jun-full-q241,2022,June,full,PrepLadder,full,241,Medicine,provider label,24,direct (longer),investigation,no,no,no,no,A,,
2022-jun-full-q242,2022,June,full,PrepLadder,full,242,Medicine,provider label,11,one-liner,fact recall,no,no,no,no,D,,
2022-jun-full-q243,2022,June,full,PrepLadder,full,243,Medicine,provider label,33,clinical vignette,diagnosis,no,no,yes,no,A,,
2022-jun-full-q244,2022,June,full,PrepLadder,full,244,Medicine,provider label,43,clinical vignette,management,no,no,yes,no,D,,
2022-jun-full-q245,2022,June,full,PrepLadder,full,245,Medicine,provider label,8,one-liner,investigation,no,no,no,no,C,,
2022-jun-full-q246,2022,June,full,PrepLadder,full,246,Community Medicine,provider label,12,one-liner,investigation,no,yes,no,no,A,,
2022-jun-full-q247,2022,June,full,PrepLadder,full,247,Medicine,provider label,22,clinical vignette,diagnosis,no,no,yes,no,A,,
2022-jun-full-q248,2022,June,full,PrepLadder,full,248,Medicine,provider label,58,image-led,diagnosis,yes,no,yes,no,C,,
2022-jun-full-q249,2022,June,full,PrepLadder,full,249,Community Medicine,provider label,33,clinical vignette,fact recall,no,no,yes,no,C,,
2022-jun-full-q250,2022,June,full,PrepLadder,full,250,Medicine,provider label,63,image-led,diagnosis,yes,no,yes,no,B,,
2022-jun-full-q251,2022,June,full,PrepLadder,full,251,General Surgery,provider label,28,clinical vignette,investigation,no,no,yes,no,A,,
2022-jun-full-q252,2022,June,full,PrepLadder,full,252,Medicine,provider label,33,clinical vignette,fact recall,no,no,yes,no,B,,
2022-jun-full-q253,2022,June,full,PrepLadder,full,253,Medicine,provider label,71,image-led,investigation,yes,no,yes,no,B,,2021-dec-full-q092
2022-jun-full-q254,2022,June,full,PrepLadder,full,254,Community Medicine,provider label,5,one-liner,fact recall,no,no,no,no,C,,
2022-jun-full-q255,2022,June,full,PrepLadder,full,255,General Surgery,provider label,11,one-liner,fact recall,no,no,no,no,B,,
2022-jun-full-q256,2022,June,full,PrepLadder,full,256,General Surgery,provider label,34,image-led,diagnosis,yes,no,yes,no,D,,
2022-jun-full-q257,2022,June,full,PrepLadder,full,257,Medicine,provider label,6,one-liner,mechanism,no,no,no,no,A,,
2022-jun-full-q258,2022,June,full,PrepLadder,full,258,Medicine,provider label,51,clinical vignette,diagnosis,no,no,yes,no,A,,
2022-jun-full-q259,2022,June,full,PrepLadder,full,259,Community Medicine,provider label,10,one-liner,fact recall,no,no,no,no,B,,
2022-jun-full-q260,2022,June,full,PrepLadder,full,260,General Surgery,provider label,26,clinical vignette,diagnosis,no,no,yes,no,A,,
2022-jun-full-q261,2022,June,full,PrepLadder,full,261,Medicine,provider label,45,clinical vignette,diagnosis,no,no,yes,no,B,,
2022-jun-full-q262,2022,June,full,PrepLadder,full,262,General Surgery,provider label,18,direct (longer),management,no,no,no,no,B,,
2022-jun-full-q263,2022,June,full,PrepLadder,full,263,Medicine,provider label,38,clinical vignette,management,no,no,yes,no,B,,
2022-jun-full-q264,2022,June,full,PrepLadder,full,264,Medicine,provider label,46,clinical vignette,fact recall,no,no,yes,no,B,,
2022-jun-full-q265,2022,June,full,PrepLadder,full,265,Medicine,provider label,4,one-liner,investigation,no,no,no,no,A,,
2022-jun-full-q266,2022,June,full,PrepLadder,full,266,General Surgery,provider label,9,one-liner,fact recall,no,no,no,no,A,,
2022-jun-full-q267,2022,June,full,PrepLadder,full,267,General Surgery,provider label,30,clinical vignette,fact recall,no,no,yes,no,B,,
2022-jun-full-q268,2022,June,full,PrepLadder,full,268,Medicine,provider label,10,one-liner,investigation,no,no,no,no,B,,
2022-jun-full-q269,2022,June,full,PrepLadder,full,269,Medicine,provider label,90,clinical vignette,diagnosis,no,no,yes,no,C,,2021-dec-full-q223
2022-jun-full-q270,2022,June,full,PrepLadder,full,270,General Surgery,provider label,32,clinical vignette,diagnosis,no,no,yes,no,B,,
2022-jun-full-q271,2022,June,full,PrepLadder,full,271,Medicine,provider label,20,clinical vignette,fact recall,no,no,yes,no,C,,
2022-jun-full-q272,2022,June,full,PrepLadder,full,272,Medicine,provider label,62,clinical vignette,investigation,no,no,yes,no,C,,
2022-jun-full-q273,2022,June,full,PrepLadder,full,273,Medicine,provider label,27,direct (longer),fact recall,no,no,no,no,B,,
2022-jun-full-q274,2022,June,full,PrepLadder,full,274,Medicine,provider label,95,image-led,calculation,yes,no,yes,yes,A,,
2022-jun-full-q275,2022,June,full,PrepLadder,full,275,General Surgery,provider label,19,direct (longer),anatomy,no,no,no,no,B,,
2022-jun-full-q276,2022,June,full,PrepLadder,full,276,General Surgery,provider label,19,image-led,management,yes,no,no,no,B,,
2022-jun-full-q277,2022,June,full,PrepLadder,full,277,General Surgery,provider label,18,clinical vignette,diagnosis,no,no,yes,no,D,,
2022-jun-full-q278,2022,June,full,PrepLadder,full,278,General Surgery,provider label,12,one-liner,fact recall,no,yes,no,no,C,,
2022-jun-full-q279,2022,June,full,PrepLadder,full,279,Obstetrics & Gynaecology,provider label,11,one-liner,fact recall,no,no,no,no,A,,
2022-jun-full-q280,2022,June,full,PrepLadder,full,280,General Surgery,provider label,11,clinical vignette,fact recall,no,no,yes,no,D,,
2022-jun-full-q281,2022,June,full,PrepLadder,full,281,General Surgery,provider label,24,direct (longer),fact recall,no,yes,no,no,A,,
2022-jun-full-q282,2022,June,full,PrepLadder,full,282,Medicine,provider label,10,image-led,diagnosis,yes,no,no,no,C,,
2022-jun-full-q283,2022,June,full,PrepLadder,full,283,Obstetrics & Gynaecology,provider label,20,direct (longer),fact recall,no,no,no,no,B,,
2022-jun-full-q284,2022,June,full,PrepLadder,full,284,Medicine,provider label,14,one-liner,investigation,no,no,no,no,B,,
2022-jun-full-q285,2022,June,full,PrepLadder,full,285,Medicine,provider label,55,clinical vignette,management,no,no,yes,no,A,,
2022-jun-full-q286,2022,June,full,PrepLadder,full,286,Medicine,provider label,27,clinical vignette,diagnosis,no,no,yes,no,B,,
2022-jun-full-q287,2022,June,full,PrepLadder,full,287,Obstetrics & Gynaecology,provider label,27,clinical vignette,fact recall,no,no,yes,no,A,,
2022-jun-full-q288,2022,June,full,PrepLadder,full,288,Medicine,provider label,33,clinical vignette,fact recall,no,no,yes,no,A,,
2022-jun-full-q289,2022,June,full,PrepLadder,full,289,Medicine,provider label,54,image-led,diagnosis,yes,no,yes,no,A,,
2022-jun-full-q290,2022,June,full,PrepLadder,full,290,Medicine,provider label,10,image-led,diagnosis,yes,no,no,no,D,,
2022-jun-full-q291,2022,June,full,PrepLadder,full,291,Obstetrics & Gynaecology,provider label,5,one-liner,fact recall,no,no,no,no,D,,
2022-jun-full-q292,2022,June,full,PrepLadder,full,292,Medicine,provider label,9,one-liner,management,no,yes,no,no,D,,
2022-jun-full-q293,2022,June,full,PrepLadder,full,293,Microbiology,provider label,22,image-led,diagnosis,yes,no,yes,no,A,,
2022-jun-full-q294,2022,June,full,PrepLadder,full,294,Medicine,provider label,10,one-liner,management,no,no,no,no,B,,
2022-jun-full-q295,2022,June,full,PrepLadder,full,295,Medicine,provider label,23,clinical vignette,diagnosis,no,no,yes,no,A,,
2022-jun-full-q296,2022,June,full,PrepLadder,full,296,Obstetrics & Gynaecology,provider label,11,one-liner,management,no,no,no,no,B,,
2022-jun-full-q297,2022,June,full,PrepLadder,full,297,Microbiology,provider label,19,clinical vignette,mechanism,no,no,yes,no,B,,
2022-jun-full-q298,2022,June,full,PrepLadder,full,298,Medicine,provider label,14,one-liner,management,no,no,no,no,A,,
2022-jun-full-q299,2022,June,full,PrepLadder,full,299,Microbiology,provider label,29,image-led,diagnosis,yes,no,yes,no,C,,
2022-jun-full-q300,2022,June,full,PrepLadder,full,300,Microbiology,provider label,13,one-liner,diagnosis,no,no,no,no,A,,
2023-jan-full-q001,2023,January,full,PrepLadder,full,1,Microbiology,provider label,14,one-liner,fact recall,no,no,no,no,D,,
2023-jan-full-q002,2023,January,full,PrepLadder,full,2,Biochemistry,provider label,26,direct (longer),mechanism,no,no,no,no,A,,
2023-jan-full-q003,2023,January,full,PrepLadder,full,3,Anatomy,provider label,5,image-led,diagnosis,yes,no,no,no,D,,
2023-jan-full-q004,2023,January,full,PrepLadder,full,4,Anatomy,provider label,16,direct (longer),investigation,no,no,no,no,A,,
2023-jan-full-q005,2023,January,full,PrepLadder,full,5,Anatomy,provider label,38,clinical vignette,mechanism,no,no,yes,no,B,,
2023-jan-full-q006,2023,January,full,PrepLadder,full,6,Anatomy,provider label,39,clinical vignette,anatomy,no,no,yes,no,D,,
2023-jan-full-q007,2023,January,full,PrepLadder,full,7,Anatomy,provider label,6,one-liner,fact recall,no,no,no,no,A,,
2023-jan-full-q008,2023,January,full,PrepLadder,full,8,Anatomy,provider label,18,image-led,fact recall,yes,no,no,no,D,,
2023-jan-full-q009,2023,January,full,PrepLadder,full,9,Anatomy,provider label,21,clinical vignette,fact recall,no,no,yes,no,B,,
2023-jan-full-q010,2023,January,full,PrepLadder,full,10,Physiology,provider label,10,one-liner,fact recall,no,no,no,no,C,,
2023-jan-full-q011,2023,January,full,PrepLadder,full,11,Physiology,provider label,9,one-liner,fact recall,no,no,no,no,C,,
2023-jan-full-q012,2023,January,full,PrepLadder,full,12,Physiology,provider label,15,one-liner,fact recall,no,no,no,no,C,,
2023-jan-full-q013,2023,January,full,PrepLadder,full,13,Physiology,provider label,14,one-liner,fact recall,no,no,no,no,B,,
2023-jan-full-q014,2023,January,full,PrepLadder,full,14,Microbiology,provider label,28,clinical vignette,investigation,no,no,yes,no,A,,
2023-jan-full-q015,2023,January,full,PrepLadder,full,15,Physiology,provider label,8,one-liner,fact recall,no,no,no,no,C,,
2023-jan-full-q016,2023,January,full,PrepLadder,full,16,Physiology,provider label,13,one-liner,fact recall,no,no,no,no,B,,
2023-jan-full-q017,2023,January,full,PrepLadder,full,17,Biochemistry,provider label,10,one-liner,fact recall,no,no,no,no,A,,
2023-jan-full-q018,2023,January,full,PrepLadder,full,18,Microbiology,provider label,8,one-liner,fact recall,no,no,no,no,C,,
2023-jan-full-q019,2023,January,full,PrepLadder,full,19,Physiology,provider label,11,one-liner,fact recall,no,no,no,no,B,,
2023-jan-full-q020,2023,January,full,PrepLadder,full,20,Microbiology,provider label,7,one-liner,investigation,no,no,no,no,C,,
2023-jan-full-q021,2023,January,full,PrepLadder,full,21,Physiology,provider label,7,one-liner,fact recall,no,no,no,no,A,,
2023-jan-full-q022,2023,January,full,PrepLadder,full,22,Biochemistry,provider label,14,one-liner,mechanism,no,no,no,no,A,,
2023-jan-full-q023,2023,January,full,PrepLadder,full,23,Microbiology,provider label,10,image-led,diagnosis,yes,no,no,no,D,,
2023-jan-full-q024,2023,January,full,PrepLadder,full,24,Physiology,provider label,14,one-liner,investigation,no,no,no,no,A,,
2023-jan-full-q025,2023,January,full,PrepLadder,full,25,Microbiology,provider label,11,one-liner,fact recall,no,no,no,no,A,,
2023-jan-full-q026,2023,January,full,PrepLadder,full,26,Biochemistry,provider label,23,direct (longer),fact recall,no,no,no,no,C,,
2023-jan-full-q027,2023,January,full,PrepLadder,full,27,ENT,provider label,7,image-led,diagnosis,yes,no,no,no,D,,
2023-jan-full-q028,2023,January,full,PrepLadder,full,28,Biochemistry,provider label,11,one-liner,fact recall,no,no,no,no,C,,
2023-jan-full-q029,2023,January,full,PrepLadder,full,29,Microbiology,provider label,9,one-liner,mechanism,no,no,no,no,A,,
2023-jan-full-q030,2023,January,full,PrepLadder,full,30,ENT,provider label,41,clinical vignette,management,no,no,yes,no,D,,
2023-jan-full-q031,2023,January,full,PrepLadder,full,31,Microbiology,provider label,5,one-liner,fact recall,no,no,no,no,C,,
2023-jan-full-q032,2023,January,full,PrepLadder,full,32,ENT,provider label,8,one-liner,fact recall,no,no,no,no,B,,
2023-jan-full-q033,2023,January,full,PrepLadder,full,33,Biochemistry,provider label,11,one-liner,fact recall,no,no,no,no,C,,
2023-jan-full-q034,2023,January,full,PrepLadder,full,34,Microbiology,provider label,25,image-led,diagnosis,yes,no,yes,no,B,,
2023-jan-full-q035,2023,January,full,PrepLadder,full,35,ENT,provider label,10,one-liner,mechanism,no,no,no,no,B,,
2023-jan-full-q036,2023,January,full,PrepLadder,full,36,ENT,provider label,11,one-liner,fact recall,no,no,no,no,B,,
2023-jan-full-q037,2023,January,full,PrepLadder,full,37,Microbiology,provider label,13,one-liner,fact recall,no,no,no,no,C,,
2023-jan-full-q038,2023,January,full,PrepLadder,full,38,ENT,provider label,31,clinical vignette,investigation,no,no,yes,no,B,,
2023-jan-full-q039,2023,January,full,PrepLadder,full,39,Microbiology,provider label,9,one-liner,anatomy,no,no,no,no,A,,
2023-jan-full-q040,2023,January,full,PrepLadder,full,40,ENT,provider label,25,clinical vignette,diagnosis,no,no,yes,no,C,,
2023-jan-full-q041,2023,January,full,PrepLadder,full,41,Biochemistry,provider label,72,image-led,investigation,yes,no,yes,no,C,,
2023-jan-full-q042,2023,January,full,PrepLadder,full,42,ENT,provider label,40,clinical vignette,diagnosis,no,no,yes,no,B,,
2023-jan-full-q043,2023,January,full,PrepLadder,full,43,Microbiology,provider label,29,clinical vignette,diagnosis,no,no,yes,no,B,,
2023-jan-full-q044,2023,January,full,PrepLadder,full,44,ENT,provider label,31,image-led,management,yes,no,yes,no,B,,
2023-jan-full-q045,2023,January,full,PrepLadder,full,45,ENT,provider label,30,clinical vignette,diagnosis,no,no,yes,no,C,,
2023-jan-full-q046,2023,January,full,PrepLadder,full,46,ENT,provider label,31,image-led,diagnosis,yes,no,yes,no,A,,
2023-jan-full-q047,2023,January,full,PrepLadder,full,47,Microbiology,provider label,14,one-liner,fact recall,no,no,no,no,A,,
2023-jan-full-q048,2023,January,full,PrepLadder,full,48,ENT,provider label,9,one-liner,fact recall,no,no,no,no,A,,
2023-jan-full-q049,2023,January,full,PrepLadder,full,49,ENT,provider label,30,clinical vignette,diagnosis,no,no,yes,no,C,,
2023-jan-full-q050,2023,January,full,PrepLadder,full,50,ENT,provider label,14,clinical vignette,fact recall,no,no,yes,no,A,,
2023-jan-full-q051,2023,January,full,PrepLadder,full,51,Biochemistry,provider label,10,one-liner,mechanism,no,no,no,no,B,,
2023-jan-full-q052,2023,January,full,PrepLadder,full,52,ENT,provider label,18,image-led,diagnosis,yes,no,yes,no,B,,
2023-jan-full-q053,2023,January,full,PrepLadder,full,53,Biochemistry,provider label,9,image-led,diagnosis,yes,no,no,no,D,,
2023-jan-full-q054,2023,January,full,PrepLadder,full,54,Biochemistry,provider label,6,one-liner,fact recall,no,no,no,no,D,,
2023-jan-full-q055,2023,January,full,PrepLadder,full,55,Ophthalmology,provider label,22,direct (longer),management,no,no,no,no,A,,
2023-jan-full-q056,2023,January,full,PrepLadder,full,56,Obstetrics & Gynaecology,provider label,13,one-liner,mechanism,no,no,no,no,B,,
2023-jan-full-q057,2023,January,full,PrepLadder,full,57,Obstetrics & Gynaecology,provider label,10,one-liner,diagnosis,no,no,no,no,B,,
2023-jan-full-q058,2023,January,full,PrepLadder,full,58,Obstetrics & Gynaecology,provider label,15,one-liner,diagnosis,no,no,no,no,C,,
2023-jan-full-q059,2023,January,full,PrepLadder,full,59,Pathology,provider label,15,one-liner,mechanism,no,no,no,no,D,,
2023-jan-full-q060,2023,January,full,PrepLadder,full,60,Pathology,provider label,13,one-liner,fact recall,no,no,no,no,B,,
2023-jan-full-q061,2023,January,full,PrepLadder,full,61,Pathology,provider label,24,clinical vignette,investigation,no,no,yes,no,B,,
2023-jan-full-q062,2023,January,full,PrepLadder,full,62,Pathology,provider label,26,clinical vignette,management,no,no,yes,no,B,,
2023-jan-full-q063,2023,January,full,PrepLadder,full,63,Pathology,provider label,12,one-liner,mechanism,no,no,no,no,C,,
2023-jan-full-q064,2023,January,full,PrepLadder,full,64,Pathology,provider label,11,one-liner,fact recall,no,no,no,no,A,,
2023-jan-full-q065,2023,January,full,PrepLadder,full,65,Ophthalmology,provider label,30,clinical vignette,management,no,no,yes,no,B,,
2023-jan-full-q066,2023,January,full,PrepLadder,full,66,Pathology,provider label,28,clinical vignette,diagnosis,no,no,yes,no,B,,
2023-jan-full-q067,2023,January,full,PrepLadder,full,67,Ophthalmology,provider label,23,clinical vignette,mechanism,no,no,yes,no,D,,
2023-jan-full-q068,2023,January,full,PrepLadder,full,68,Pathology,provider label,25,clinical vignette,diagnosis,no,no,yes,no,B,,
2023-jan-full-q069,2023,January,full,PrepLadder,full,69,Ophthalmology,provider label,11,one-liner,anatomy,no,no,no,no,B,,
2023-jan-full-q070,2023,January,full,PrepLadder,full,70,Pathology,provider label,10,one-liner,fact recall,no,no,no,no,D,,
2023-jan-full-q071,2023,January,full,PrepLadder,full,71,Obstetrics & Gynaecology,provider label,21,clinical vignette,management,no,no,yes,no,D,,
2023-jan-full-q072,2023,January,full,PrepLadder,full,72,Ophthalmology,provider label,18,clinical vignette,fact recall,no,no,yes,no,B,,
2023-jan-full-q073,2023,January,full,PrepLadder,full,73,Pharmacology,provider label,29,image-led,anatomy,yes,no,yes,no,B,,
2023-jan-full-q074,2023,January,full,PrepLadder,full,74,Pathology,provider label,15,one-liner,fact recall,no,no,no,no,A,,
2023-jan-full-q075,2023,January,full,PrepLadder,full,75,Pathology,provider label,11,one-liner,fact recall,no,no,no,no,C,,
2023-jan-full-q076,2023,January,full,PrepLadder,full,76,Ophthalmology,provider label,17,clinical vignette,management,no,no,yes,no,C,,
2023-jan-full-q077,2023,January,full,PrepLadder,full,77,Pharmacology,provider label,14,one-liner,investigation,no,no,no,no,B,,
2023-jan-full-q078,2023,January,full,PrepLadder,full,78,Ophthalmology,provider label,55,image-led,diagnosis,yes,no,no,no,A,,
2023-jan-full-q079,2023,January,full,PrepLadder,full,79,Pharmacology,provider label,22,clinical vignette,management,no,yes,yes,no,D,,
2023-jan-full-q080,2023,January,full,PrepLadder,full,80,Ophthalmology,provider label,29,clinical vignette,diagnosis,no,no,yes,no,A,,
2023-jan-full-q081,2023,January,full,PrepLadder,full,81,Obstetrics & Gynaecology,provider label,35,clinical vignette,diagnosis,no,no,yes,no,B,,
2023-jan-full-q082,2023,January,full,PrepLadder,full,82,Pharmacology,provider label,11,one-liner,mechanism,no,no,no,no,A,,
2023-jan-full-q083,2023,January,full,PrepLadder,full,83,Orthopaedics,provider label,38,clinical vignette,investigation,no,no,yes,no,B,,
2023-jan-full-q084,2023,January,full,PrepLadder,full,84,Orthopaedics,provider label,37,image-led,diagnosis,yes,no,yes,no,C,,
2023-jan-full-q085,2023,January,full,PrepLadder,full,85,Ophthalmology,provider label,40,image-led,management,yes,no,yes,no,D,,
2023-jan-full-q086,2023,January,full,PrepLadder,full,86,Pharmacology,provider label,28,image-led,diagnosis,yes,no,yes,no,D,,
2023-jan-full-q087,2023,January,full,PrepLadder,full,87,Orthopaedics,provider label,18,clinical vignette,diagnosis,no,no,yes,no,D,,
2023-jan-full-q088,2023,January,full,PrepLadder,full,88,Orthopaedics,provider label,30,image-led,diagnosis,yes,no,yes,no,D,,
2023-jan-full-q089,2023,January,full,PrepLadder,full,89,Community Medicine,provider label,25,direct (longer),fact recall,no,no,no,no,C,,
2023-jan-full-q090,2023,January,full,PrepLadder,full,90,Orthopaedics,provider label,60,image-led,management,yes,no,yes,no,C,,
2023-jan-full-q091,2023,January,full,PrepLadder,full,91,Community Medicine,provider label,36,direct (longer),fact recall,no,no,no,no,B,,
2023-jan-full-q092,2023,January,full,PrepLadder,full,92,Pharmacology,provider label,17,clinical vignette,management,no,no,yes,no,B,,
2023-jan-full-q093,2023,January,full,PrepLadder,full,93,Obstetrics & Gynaecology,provider label,11,one-liner,fact recall,no,yes,no,no,D,,
2023-jan-full-q094,2023,January,full,PrepLadder,full,94,Pharmacology,provider label,13,one-liner,management,no,no,no,no,D,,
2023-jan-full-q095,2023,January,full,PrepLadder,full,95,Obstetrics & Gynaecology,provider label,8,one-liner,fact recall,no,no,no,no,C,,
2023-jan-full-q096,2023,January,full,PrepLadder,full,96,Community Medicine,provider label,12,one-liner,fact recall,no,yes,no,no,B,,
2023-jan-full-q097,2023,January,full,PrepLadder,full,97,Pharmacology,provider label,25,clinical vignette,management,no,no,yes,no,C,,
2023-jan-full-q098,2023,January,full,PrepLadder,full,98,Obstetrics & Gynaecology,provider label,9,clinical vignette,fact recall,no,no,yes,no,C,,
2023-jan-full-q099,2023,January,full,PrepLadder,full,99,Community Medicine,provider label,49,clinical vignette,diagnosis,no,no,yes,no,B,,
2023-jan-full-q100,2023,January,full,PrepLadder,full,100,Obstetrics & Gynaecology,provider label,8,one-liner,fact recall,no,no,no,no,D,,
2023-jan-full-q101,2023,January,full,PrepLadder,full,101,Dermatology,provider label,17,image-led,diagnosis,yes,no,yes,no,D,,
2023-jan-full-q103,2023,January,full,PrepLadder,full,103,Community Medicine,provider label,12,one-liner,fact recall,no,no,no,no,B,,
2023-jan-full-q104,2023,January,full,PrepLadder,full,104,Community Medicine,provider label,8,one-liner,fact recall,no,no,no,no,B,,
2023-jan-full-q105,2023,January,full,PrepLadder,full,105,Dermatology,provider label,40,clinical vignette,diagnosis,no,no,yes,no,B,,
2023-jan-full-q106,2023,January,full,PrepLadder,full,106,Pharmacology,provider label,31,clinical vignette,diagnosis,no,no,yes,no,A,,
2023-jan-full-q107,2023,January,full,PrepLadder,full,107,Dermatology,provider label,22,clinical vignette,investigation,no,no,yes,no,D,,
2023-jan-full-q108,2023,January,full,PrepLadder,full,108,Community Medicine,provider label,12,one-liner,investigation,no,no,no,no,A,,
2023-jan-full-q109,2023,January,full,PrepLadder,full,109,Dermatology,provider label,32,clinical vignette,diagnosis,no,no,yes,no,A,,
2023-jan-full-q110,2023,January,full,PrepLadder,full,110,Community Medicine,provider label,28,clinical vignette,diagnosis,no,no,yes,no,D,,
2023-jan-full-q111,2023,January,full,PrepLadder,full,111,Community Medicine,provider label,17,clinical vignette,fact recall,no,no,yes,no,A,,
2023-jan-full-q112,2023,January,full,PrepLadder,full,112,General Surgery,provider label,16,clinical vignette,diagnosis,no,no,yes,no,C,,
2023-jan-full-q113,2023,January,full,PrepLadder,full,113,Community Medicine,provider label,30,clinical vignette,fact recall,no,no,yes,no,B,,
2023-jan-full-q114,2023,January,full,PrepLadder,full,114,General Surgery,provider label,33,clinical vignette,management,no,no,yes,no,A,,
2023-jan-full-q115,2023,January,full,PrepLadder,full,115,Community Medicine,provider label,30,clinical vignette,management,no,no,yes,no,B,,
2023-jan-full-q116,2023,January,full,PrepLadder,full,116,Dermatology,provider label,13,image-led,diagnosis,yes,no,yes,no,B,,
2023-jan-full-q117,2023,January,full,PrepLadder,full,117,General Surgery,provider label,8,one-liner,fact recall,no,no,no,no,D,,
2023-jan-full-q118,2023,January,full,PrepLadder,full,118,Medicine,provider label,33,clinical vignette,diagnosis,no,no,yes,no,C,,
2023-jan-full-q119,2023,January,full,PrepLadder,full,119,Community Medicine,provider label,15,one-liner,investigation,no,no,no,no,B,,
2023-jan-full-q120,2023,January,full,PrepLadder,full,120,Community Medicine,provider label,9,one-liner,investigation,no,no,no,no,B,,
2023-jan-full-q121,2023,January,full,PrepLadder,full,121,Medicine,provider label,12,one-liner,investigation,no,no,no,no,B,,
2023-jan-full-q122,2023,January,full,PrepLadder,full,122,Medicine,provider label,11,one-liner,fact recall,no,yes,no,no,D,,
2023-jan-full-q123,2023,January,full,PrepLadder,full,123,Medicine,provider label,48,clinical vignette,diagnosis,no,no,yes,no,A,,
2023-jan-full-q124,2023,January,full,PrepLadder,full,124,Psychiatry,provider label,28,clinical vignette,management,no,no,yes,no,A,,
2023-jan-full-q125,2023,January,full,PrepLadder,full,125,Psychiatry,provider label,12,one-liner,fact recall,no,no,no,no,D,,
2023-jan-full-q126,2023,January,full,PrepLadder,full,126,Psychiatry,provider label,9,one-liner,fact recall,no,no,no,no,C,,
2023-jan-full-q127,2023,January,full,PrepLadder,full,127,Psychiatry,provider label,35,clinical vignette,diagnosis,no,no,yes,no,C,,
2023-jan-full-q128,2023,January,full,PrepLadder,full,128,Community Medicine,provider label,9,one-liner,fact recall,no,yes,no,no,B,,
2023-jan-full-q129,2023,January,full,PrepLadder,full,129,Medicine,provider label,34,clinical vignette,diagnosis,no,no,yes,no,B,,
2023-jan-full-q130,2023,January,full,PrepLadder,full,130,Community Medicine,provider label,21,direct (longer),fact recall,no,no,no,no,D,,
2023-jan-full-q131,2023,January,full,PrepLadder,full,131,General Surgery,provider label,11,image-led,fact recall,yes,yes,no,no,A,,
2023-jan-full-q132,2023,January,full,PrepLadder,full,132,Community Medicine,provider label,5,one-liner,fact recall,no,no,no,no,C,,
2023-jan-full-q133,2023,January,full,PrepLadder,full,133,Community Medicine,provider label,10,one-liner,fact recall,no,no,no,no,B,,
2023-jan-full-q134,2023,January,full,PrepLadder,full,134,Medicine,provider label,11,one-liner,mechanism,no,no,no,no,C,,
2023-jan-full-q135,2023,January,full,PrepLadder,full,135,General Surgery,provider label,17,image-led,anatomy,yes,no,no,no,A,,
2023-jan-full-q136,2023,January,full,PrepLadder,full,136,Community Medicine,provider label,14,one-liner,fact recall,no,no,no,no,D,,
2023-jan-full-q137,2023,January,full,PrepLadder,full,137,Forensic Medicine,provider label,12,one-liner,investigation,no,no,no,no,A,,
2023-jan-full-q138,2023,January,full,PrepLadder,full,138,Community Medicine,provider label,11,one-liner,fact recall,no,no,no,no,C,,
2023-jan-full-q139,2023,January,full,PrepLadder,full,139,General Surgery,provider label,29,clinical vignette,management,no,no,yes,no,D,,
2023-jan-full-q140,2023,January,full,PrepLadder,full,140,Forensic Medicine,provider label,10,one-liner,fact recall,no,no,no,no,D,,
2023-jan-full-q141,2023,January,full,PrepLadder,full,141,Community Medicine,provider label,22,clinical vignette,anatomy,no,no,yes,no,C,,
2023-jan-full-q142,2023,January,full,PrepLadder,full,142,Medicine,provider label,63,clinical vignette,diagnosis,no,no,yes,no,A,,
2023-jan-full-q143,2023,January,full,PrepLadder,full,143,General Surgery,provider label,15,one-liner,fact recall,no,no,no,no,B,,
2023-jan-full-q144,2023,January,full,PrepLadder,full,144,Forensic Medicine,provider label,11,one-liner,diagnosis,no,no,no,no,C,,
2023-jan-full-q145,2023,January,full,PrepLadder,full,145,Community Medicine,provider label,11,one-liner,diagnosis,no,no,no,no,A,,
2023-jan-full-q146,2023,January,full,PrepLadder,full,146,General Surgery,provider label,22,clinical vignette,diagnosis,no,no,yes,no,D,,
2023-jan-full-q147,2023,January,full,PrepLadder,full,147,Forensic Medicine,provider label,40,direct (longer),fact recall,no,yes,no,no,B,,
2023-jan-full-q148,2023,January,full,PrepLadder,full,148,Medicine,provider label,38,clinical vignette,management,no,no,yes,no,D,,
2023-jan-full-q149,2023,January,full,PrepLadder,full,149,General Surgery,provider label,15,one-liner,fact recall,no,yes,no,no,B,,
2023-jan-full-q150,2023,January,full,PrepLadder,full,150,General Surgery,provider label,36,clinical vignette,diagnosis,no,no,yes,no,B,,
2023-jan-full-q151,2023,January,full,PrepLadder,full,151,Forensic Medicine,provider label,11,one-liner,investigation,no,no,no,no,A,,
2023-jan-full-q152,2023,January,full,PrepLadder,full,152,Forensic Medicine,provider label,10,one-liner,fact recall,no,yes,no,no,A,,
2023-jan-full-q153,2023,January,full,PrepLadder,full,153,Community Medicine,provider label,9,one-liner,fact recall,no,no,no,no,D,,
2023-jan-full-q154,2023,January,full,PrepLadder,full,154,General Surgery,provider label,9,one-liner,fact recall,no,yes,no,no,B,,
2023-jan-full-q155,2023,January,full,PrepLadder,full,155,Forensic Medicine,provider label,28,direct (longer),diagnosis,no,no,no,no,A,,
2023-jan-full-q156,2023,January,full,PrepLadder,full,156,General Surgery,provider label,34,image-led,diagnosis,yes,no,yes,no,B,,
2023-jan-full-q157,2023,January,full,PrepLadder,full,157,General Surgery,provider label,26,clinical vignette,management,no,no,yes,no,C,,
2023-jan-full-q158,2023,January,full,PrepLadder,full,158,Forensic Medicine,provider label,13,one-liner,fact recall,no,yes,no,no,B,,
2023-jan-full-q159,2023,January,full,PrepLadder,full,159,Community Medicine,provider label,9,one-liner,diagnosis,no,no,no,no,B,,
2023-jan-full-q160,2023,January,full,PrepLadder,full,160,General Surgery,provider label,41,clinical vignette,fact recall,no,no,yes,no,A,,
2023-jan-full-q161,2023,January,full,PrepLadder,full,161,Forensic Medicine,provider label,36,clinical vignette,management,no,no,yes,no,A,,
2023-jan-full-q162,2023,January,full,PrepLadder,full,162,General Surgery,provider label,26,image-led,diagnosis,yes,no,yes,no,C,,
2023-jan-full-q163,2023,January,full,PrepLadder,full,163,Community Medicine,provider label,28,direct (longer),fact recall,no,no,no,no,C,,
2023-jan-full-q164,2023,January,full,PrepLadder,full,164,General Surgery,provider label,14,one-liner,investigation,no,no,no,no,D,,
2023-jan-full-q165,2023,January,full,PrepLadder,full,165,Medicine,provider label,60,clinical vignette,management,no,no,yes,no,A,,
2023-jan-full-q166,2023,January,full,PrepLadder,full,166,General Surgery,provider label,14,one-liner,fact recall,no,yes,no,no,A,,
2023-jan-full-q167,2023,January,full,PrepLadder,full,167,Community Medicine,provider label,17,direct (longer),management,no,no,no,no,B,,
2023-jan-full-q168,2023,January,full,PrepLadder,full,168,General Surgery,provider label,39,clinical vignette,fact recall,no,no,yes,no,A,,
2023-jan-full-q169,2023,January,full,PrepLadder,full,169,Community Medicine,provider label,8,one-liner,fact recall,no,no,no,no,C,,
2023-jan-full-q170,2023,January,full,PrepLadder,full,170,General Surgery,provider label,10,one-liner,fact recall,no,no,no,no,B,,
2023-jan-full-q171,2023,January,full,PrepLadder,full,171,Community Medicine,provider label,13,one-liner,fact recall,no,no,no,no,C,,
2023-jan-full-q172,2023,January,full,PrepLadder,full,172,General Surgery,provider label,16,direct (longer),fact recall,no,no,no,no,B,,
2023-jan-full-q173,2023,January,full,PrepLadder,full,173,Medicine,provider label,10,one-liner,diagnosis,no,no,no,no,C,,
2023-jan-full-q174,2023,January,full,PrepLadder,full,174,Community Medicine,provider label,11,one-liner,fact recall,no,no,no,no,A,,
2023-jan-full-q175,2023,January,full,PrepLadder,full,175,Community Medicine,provider label,25,clinical vignette,mechanism,no,no,yes,no,C,,
2023-jan-full-q176,2023,January,full,PrepLadder,full,176,Paediatrics,provider label,15,clinical vignette,fact recall,no,no,yes,no,D,,
2023-jan-full-q177,2023,January,full,PrepLadder,full,177,Paediatrics,provider label,14,one-liner,fact recall,no,no,no,no,A,,
2023-jan-full-q178,2023,January,full,PrepLadder,full,178,Paediatrics,provider label,10,one-liner,fact recall,no,no,no,no,B,,
2023-jan-full-q179,2023,January,full,PrepLadder,full,179,Paediatrics,provider label,32,clinical vignette,diagnosis,no,no,yes,no,C,,
2023-jan-full-q180,2023,January,full,PrepLadder,full,180,Paediatrics,provider label,21,clinical vignette,management,no,no,yes,no,B,,
2023-jan-full-q181,2023,January,full,PrepLadder,full,181,Medicine,provider label,44,clinical vignette,diagnosis,no,no,yes,no,C,,
2023-jan-full-q182,2023,January,full,PrepLadder,full,182,Paediatrics,provider label,14,one-liner,fact recall,no,no,no,no,B,,
2023-jan-full-q183,2023,January,full,PrepLadder,full,183,Paediatrics,provider label,5,one-liner,fact recall,no,no,no,no,B,,
2023-jan-full-q184,2023,January,full,PrepLadder,full,184,Medicine,provider label,58,clinical vignette,mechanism,no,no,yes,no,B,,
2023-jan-full-q185,2023,January,full,PrepLadder,full,185,Paediatrics,provider label,32,clinical vignette,diagnosis,no,no,yes,no,A,,
2023-jan-full-q186,2023,January,full,PrepLadder,full,186,Medicine,provider label,44,clinical vignette,management,no,no,yes,no,B,,
2023-jan-full-q187,2023,January,full,PrepLadder,full,187,General Surgery,provider label,11,one-liner,investigation,no,no,no,no,A,,
2023-jan-full-q188,2023,January,full,PrepLadder,full,188,Medicine,provider label,52,clinical vignette,diagnosis,no,no,yes,no,D,,
2023-jan-full-q189,2023,January,full,PrepLadder,full,189,General Surgery,provider label,34,clinical vignette,investigation,no,no,yes,no,D,,
2023-jan-full-q190,2023,January,full,PrepLadder,full,190,Medicine,provider label,14,one-liner,mechanism,no,no,no,no,C,,
2023-jan-full-q191,2023,January,full,PrepLadder,full,191,Medicine,provider label,11,one-liner,fact recall,no,yes,no,no,A,,
2023-jan-full-q192,2023,January,full,PrepLadder,full,192,General Surgery,provider label,4,image-led,diagnosis,yes,no,no,no,A,,
2023-jan-full-q193,2023,January,full,PrepLadder,full,193,Medicine,provider label,21,clinical vignette,diagnosis,no,no,yes,no,A,,
2023-jan-full-q194,2023,January,full,PrepLadder,full,194,Anaesthesiology,provider label,7,one-liner,fact recall,no,no,no,no,A,,
2023-jan-full-q195,2023,January,full,PrepLadder,full,195,General Surgery,provider label,32,clinical vignette,diagnosis,no,no,yes,no,A,,
2023-jan-full-q196,2023,January,full,PrepLadder,full,196,Anaesthesiology,provider label,11,one-liner,fact recall,no,no,no,no,D,,
2023-jan-full-q197,2023,January,full,PrepLadder,full,197,Anaesthesiology,provider label,17,clinical vignette,fact recall,no,no,yes,no,C,,
2023-jan-full-q198,2023,January,full,PrepLadder,full,198,Medicine,provider label,34,clinical vignette,diagnosis,no,no,yes,no,B,,
2023-jan-full-q199,2023,January,full,PrepLadder,full,199,Medicine,provider label,13,clinical vignette,mechanism,no,no,yes,no,D,,
2023-jan-full-q200,2023,January,full,PrepLadder,full,200,Medicine,provider label,50,clinical vignette,investigation,no,no,yes,no,C,,
2023-jan-full-q201,2023,January,full,PrepLadder,full,201,Medicine,provider label,33,clinical vignette,diagnosis,no,no,yes,no,B,,
2023-jan-full-q202,2023,January,full,PrepLadder,full,202,Medicine,provider label,31,clinical vignette,diagnosis,no,no,yes,no,A,,
2023-jan-full-q203,2023,January,full,PrepLadder,full,203,Medicine,provider label,3,one-liner,fact recall,no,no,no,no,A,,
2023-jan-full-q204,2023,January,full,PrepLadder,full,204,Medicine,provider label,13,clinical vignette,fact recall,no,no,yes,no,A,,
2023-jan-full-q205,2023,January,full,PrepLadder,full,205,Medicine,provider label,26,clinical vignette,mechanism,no,no,yes,no,C,,
2023-jan-full-q206,2023,January,full,PrepLadder,full,206,Pathology,provider label,15,image-led,diagnosis,yes,no,no,no,A,,
2023-jan-full-q207,2023,January,full,PrepLadder,full,207,Obstetrics & Gynaecology,provider label,31,clinical vignette,diagnosis,no,no,yes,no,A,,
2023-jan-full-q208,2023,January,full,PrepLadder,full,208,Pathology,provider label,12,one-liner,fact recall,no,no,no,no,B,,
2023-jan-full-q209,2023,January,full,PrepLadder,full,209,Pathology,provider label,44,image-led,diagnosis,yes,no,yes,no,A,,
2023-jan-full-q210,2023,January,full,PrepLadder,full,210,Obstetrics & Gynaecology,provider label,19,direct (longer),investigation,no,no,no,no,D,,
2023-jan-full-q211,2023,January,full,PrepLadder,full,211,Pathology,provider label,18,image-led,diagnosis,yes,no,yes,no,B,,
2023-jan-full-q212,2023,January,full,PrepLadder,full,212,Pathology,provider label,10,image-led,diagnosis,yes,no,no,no,B,,
2023-jan-full-q213,2023,January,full,PrepLadder,full,213,Pathology,provider label,29,clinical vignette,investigation,no,no,yes,no,C,,
2023-jan-full-q214,2023,January,full,PrepLadder,full,214,Obstetrics & Gynaecology,provider label,13,one-liner,fact recall,no,no,no,no,D,,
2023-jan-full-q215,2023,January,full,PrepLadder,full,215,Radiology (diagnosis + therapy),provider label,37,clinical vignette,calculation,no,no,yes,yes,A,,
2023-jan-full-q216,2023,January,full,PrepLadder,full,216,Paediatrics,provider label,19,image-led,diagnosis,yes,no,yes,no,A,,
2023-jan-full-q217,2023,January,full,PrepLadder,full,217,Obstetrics & Gynaecology,provider label,11,image-led,investigation,yes,no,no,no,D,,
2023-jan-full-q218,2023,January,full,PrepLadder,full,218,Paediatrics,provider label,30,image-led,diagnosis,yes,no,yes,no,B,,
2023-jan-full-q219,2023,January,full,PrepLadder,full,219,Paediatrics,provider label,17,direct (longer),fact recall,no,yes,no,no,D,,
2023-jan-full-q220,2023,January,full,PrepLadder,full,220,Obstetrics & Gynaecology,provider label,10,one-liner,fact recall,no,yes,no,no,D,,
2023-jan-full-q221,2023,January,full,PrepLadder,full,221,Paediatrics,provider label,39,clinical vignette,diagnosis,no,no,yes,no,B,,
2023-jan-full-q222,2023,January,full,PrepLadder,full,222,Radiology (diagnosis + therapy),provider label,10,image-led,diagnosis,yes,no,no,no,A,,
2023-jan-full-q223,2023,January,full,PrepLadder,full,223,Obstetrics & Gynaecology,provider label,12,one-liner,fact recall,no,yes,no,no,B,,
2023-jan-full-q224,2023,January,full,PrepLadder,full,224,Radiology (diagnosis + therapy),provider label,7,one-liner,diagnosis,no,no,no,no,B,,
2023-jan-full-q225,2023,January,full,PrepLadder,full,225,Obstetrics & Gynaecology,provider label,10,one-liner,management,no,no,no,no,C,,
2023-jan-full-q226,2023,January,full,PrepLadder,full,226,Ophthalmology,provider label,29,image-led,mechanism,yes,no,yes,no,A,,
2023-jan-full-q227,2023,January,full,PrepLadder,full,227,Obstetrics & Gynaecology,provider label,12,image-led,fact recall,yes,no,no,no,D,,
2023-jan-full-q228,2023,January,full,PrepLadder,full,228,Obstetrics & Gynaecology,provider label,14,one-liner,fact recall,no,no,no,no,D,,
2023-jan-full-q229,2023,January,full,PrepLadder,full,229,Obstetrics & Gynaecology,provider label,56,clinical vignette,calculation,no,no,yes,yes,A,,
2023-jan-full-q230,2023,January,full,PrepLadder,full,230,Ophthalmology,provider label,14,image-led,diagnosis,yes,no,no,no,A,,
2023-jan-full-q231,2023,January,full,PrepLadder,full,231,Paediatrics,provider label,27,image-led,diagnosis,yes,no,yes,no,C,,
2023-jan-full-q232,2023,January,full,PrepLadder,full,232,Radiology (diagnosis + therapy),provider label,12,clinical vignette,fact recall,no,yes,yes,no,C,,
2023-jan-full-q233,2023,January,full,PrepLadder,full,233,Radiology (diagnosis + therapy),provider label,6,one-liner,investigation,no,no,no,no,C,,
2023-jan-full-q234,2023,January,full,PrepLadder,full,234,Radiology (diagnosis + therapy),provider label,9,image-led,diagnosis,yes,no,no,no,B,,
2023-jan-full-q235,2023,January,full,PrepLadder,full,235,Radiology (diagnosis + therapy),provider label,12,image-led,diagnosis,yes,no,no,no,C,,
2023-jan-full-q236,2023,January,full,PrepLadder,full,236,Ophthalmology,provider label,25,image-led,diagnosis,yes,no,yes,no,A,,
2023-jan-full-q237,2023,January,full,PrepLadder,full,237,General Surgery,provider label,33,image-led,diagnosis,yes,no,yes,no,B,,
2023-jan-full-q238,2023,January,full,PrepLadder,full,238,General Surgery,provider label,40,image-led,management,yes,no,yes,no,A,,
2023-jan-full-q239,2023,January,full,PrepLadder,full,239,General Surgery,provider label,33,clinical vignette,management,no,no,yes,no,A,,
2023-jan-full-q240,2023,January,full,PrepLadder,full,240,Pharmacology,provider label,8,one-liner,mechanism,no,no,no,no,B,,
2023-jan-full-q241,2023,January,full,PrepLadder,full,241,General Surgery,provider label,35,clinical vignette,diagnosis,no,no,yes,no,A,,
2023-jan-full-q242,2023,January,full,PrepLadder,full,242,General Surgery,provider label,17,image-led,anatomy,yes,no,no,no,A,,
2023-jan-full-q243,2023,January,full,PrepLadder,full,243,General Surgery,provider label,46,clinical vignette,diagnosis,no,no,yes,no,D,,
2023-jan-full-q244,2023,January,full,PrepLadder,full,244,Obstetrics & Gynaecology,provider label,8,image-led,diagnosis,yes,no,no,no,A,,
2023-jan-full-q245,2023,January,full,PrepLadder,full,245,General Surgery,provider label,20,clinical vignette,fact recall,no,no,yes,no,A,,
2023-jan-full-q246,2023,January,full,PrepLadder,full,246,Obstetrics & Gynaecology,provider label,9,image-led,diagnosis,yes,no,no,no,B,,
2023-jan-full-q247,2023,January,full,PrepLadder,full,247,Forensic Medicine,provider label,20,direct (longer),diagnosis,no,no,no,no,C,,
2023-jan-full-q248,2023,January,full,PrepLadder,full,248,Forensic Medicine,provider label,9,one-liner,fact recall,no,no,no,no,A,,
2023-jan-full-q249,2023,January,full,PrepLadder,full,249,Obstetrics & Gynaecology,provider label,7,image-led,diagnosis,yes,no,no,no,D,,
2023-jan-full-q250,2023,January,full,PrepLadder,full,250,Forensic Medicine,provider label,46,image-led,investigation,yes,no,no,no,A,,
2023-jan-full-q251,2023,January,full,PrepLadder,full,251,Obstetrics & Gynaecology,provider label,11,one-liner,fact recall,no,no,no,no,A,,
2023-jan-full-q252,2023,January,full,PrepLadder,full,252,Anatomy,provider label,13,image-led,anatomy,yes,no,no,no,C,,
2023-jan-full-q253,2023,January,full,PrepLadder,full,253,Anatomy,provider label,21,image-led,investigation,yes,no,no,no,C,,
2023-jan-full-q254,2023,January,full,PrepLadder,full,254,Obstetrics & Gynaecology,provider label,13,one-liner,fact recall,no,no,no,no,D,,
2023-jan-full-q255,2023,January,full,PrepLadder,full,255,General Surgery,provider label,21,clinical vignette,investigation,no,no,yes,no,D,,
2023-jan-full-q256,2023,January,full,PrepLadder,full,256,Obstetrics & Gynaecology,provider label,18,direct (longer),fact recall,no,no,no,no,C,,
2023-jan-full-q257,2023,January,full,PrepLadder,full,257,General Surgery,provider label,27,clinical vignette,management,no,no,yes,no,C,,
2023-jan-full-q258,2023,January,full,PrepLadder,full,258,Anatomy,provider label,14,image-led,investigation,yes,no,no,no,C,,
2023-jan-full-q259,2023,January,full,PrepLadder,full,259,Anatomy,provider label,5,one-liner,diagnosis,no,no,no,no,D,,
2023-jan-full-q260,2023,January,full,PrepLadder,full,260,Psychiatry,provider label,13,one-liner,mechanism,no,no,no,no,C,,
2023-jan-full-q261,2023,January,full,PrepLadder,full,261,General Surgery,provider label,40,clinical vignette,management,no,no,yes,no,B,,
2023-jan-full-q262,2023,January,full,PrepLadder,full,262,Anaesthesiology,provider label,21,clinical vignette,diagnosis,no,no,yes,no,B,,
2023-jan-full-q263,2023,January,full,PrepLadder,full,263,Anatomy,provider label,13,image-led,anatomy,yes,no,no,no,D,,
2023-jan-full-q264,2023,January,full,PrepLadder,full,264,General Surgery,provider label,21,direct (longer),mechanism,no,no,no,no,B,,
2023-jan-full-q265,2023,January,full,PrepLadder,full,265,Anaesthesiology,provider label,11,image-led,mechanism,yes,no,no,no,D,,
2023-jan-full-q266,2023,January,full,PrepLadder,full,266,Anatomy,provider label,27,image-led,investigation,yes,no,no,no,D,,
2023-jan-full-q267,2023,January,full,PrepLadder,full,267,Anatomy,provider label,42,image-led,diagnosis,yes,no,yes,no,C,,
2023-jan-full-q268,2023,January,full,PrepLadder,full,268,General Surgery,provider label,9,one-liner,fact recall,no,yes,no,no,D,,
2023-jan-full-q269,2023,January,full,PrepLadder,full,269,Anatomy,provider label,10,image-led,investigation,yes,no,no,no,D,,2022-jun-full-q080
2023-jan-full-q270,2023,January,full,PrepLadder,full,270,General Surgery,provider label,29,clinical vignette,management,no,no,yes,no,B,,
2023-jan-full-q271,2023,January,full,PrepLadder,full,271,General Surgery,provider label,57,image-led,diagnosis,yes,no,yes,no,A,,2022-jun-full-q289
2023-jan-full-q272,2023,January,full,PrepLadder,full,272,Biochemistry,provider label,8,one-liner,fact recall,no,yes,no,no,C,,
2023-jan-full-q273,2023,January,full,PrepLadder,full,273,General Surgery,provider label,11,one-liner,fact recall,no,yes,no,no,B,,
2023-jan-full-q274,2023,January,full,PrepLadder,full,274,General Surgery,provider label,13,one-liner,anatomy,no,no,no,no,C,,
2023-jan-full-q275,2023,January,full,PrepLadder,full,275,Biochemistry,provider label,50,clinical vignette,investigation,no,no,yes,no,B,,
2023-jan-full-q276,2023,January,full,PrepLadder,full,276,Biochemistry,provider label,12,one-liner,mechanism,no,no,no,no,C,,
2023-jan-full-q277,2023,January,full,PrepLadder,full,277,General Surgery,provider label,15,image-led,management,yes,no,no,no,B,,
2023-jan-full-q278,2023,January,full,PrepLadder,full,278,Biochemistry,provider label,30,clinical vignette,diagnosis,no,no,yes,no,A,,
2023-jan-full-q279,2023,January,full,PrepLadder,full,279,ENT,provider label,45,clinical vignette,diagnosis,no,no,yes,no,C,,
2023-jan-full-q280,2023,January,full,PrepLadder,full,280,Pharmacology,provider label,14,clinical vignette,diagnosis,no,no,yes,no,C,,
2023-jan-full-q281,2023,January,full,PrepLadder,full,281,Pharmacology,provider label,9,one-liner,diagnosis,no,no,no,no,B,,
2023-jan-full-q282,2023,January,full,PrepLadder,full,282,Pharmacology,provider label,17,image-led,fact recall,yes,no,no,no,A,,
2023-jan-full-q283,2023,January,full,PrepLadder,full,283,Pharmacology,provider label,39,clinical vignette,mechanism,no,no,yes,no,D,,
2023-jan-full-q284,2023,January,full,PrepLadder,full,284,Pharmacology,provider label,10,one-liner,fact recall,no,no,no,no,C,,
2023-jan-full-q285,2023,January,full,PrepLadder,full,285,Pharmacology,provider label,12,one-liner,fact recall,no,no,no,no,B,,
2023-jan-full-q286,2023,January,full,PrepLadder,full,286,Biochemistry,provider label,10,clinical vignette,fact recall,no,no,yes,no,A,,
2023-jan-full-q287,2023,January,full,PrepLadder,full,287,Biochemistry,provider label,29,image-led,diagnosis,yes,no,yes,no,A,,
2023-jan-full-q288,2023,January,full,PrepLadder,full,288,Biochemistry,provider label,63,clinical vignette,fact recall,no,no,yes,no,B,,
2023-jan-full-q289,2023,January,full,PrepLadder,full,289,Biochemistry,provider label,5,one-liner,mechanism,no,no,no,no,C,,
2023-jan-full-q290,2023,January,full,PrepLadder,full,290,Biochemistry,provider label,8,one-liner,fact recall,no,no,no,no,D,,
2023-jan-full-q291,2023,January,full,PrepLadder,full,291,Dermatology,provider label,26,image-led,diagnosis,yes,no,yes,no,B,,
2023-jan-full-q292,2023,January,full,PrepLadder,full,292,Dermatology,provider label,24,image-led,diagnosis,yes,no,yes,no,A,,
2023-jan-full-q293,2023,January,full,PrepLadder,full,293,Dermatology,provider label,30,image-led,diagnosis,yes,no,yes,no,A,,
2023-jan-full-q294,2023,January,full,PrepLadder,full,294,Radiology (diagnosis + therapy),provider label,6,image-led,diagnosis,yes,no,no,no,C,,
2023-jan-full-q295,2023,January,full,PrepLadder,full,295,Radiology (diagnosis + therapy),provider label,45,clinical vignette,investigation,no,no,yes,no,A,,
2023-jan-full-q296,2023,January,full,PrepLadder,full,296,Radiology (diagnosis + therapy),provider label,35,image-led,management,yes,no,yes,no,D,,
2023-jan-full-q297,2023,January,full,PrepLadder,full,297,Medicine,provider label,27,clinical vignette,management,no,no,yes,no,A,,
2023-jan-full-q298,2023,January,full,PrepLadder,full,298,Medicine,provider label,33,clinical vignette,investigation,no,no,yes,no,B,,
2023-jan-full-q299,2023,January,full,PrepLadder,full,299,Medicine,provider label,29,image-led,anatomy,yes,no,no,no,C,,
2023-jan-full-q300,2023,January,full,PrepLadder,full,300,Physiology,provider label,9,one-liner,mechanism,no,no,no,no,D,,
2024-jan-sample-q001,2024,January,sample,PrepLadder,sample,1,Anaesthesiology,provider label,11,one-liner,fact recall,no,no,no,no,A,,
2024-jan-sample-q002,2024,January,sample,PrepLadder,sample,2,Anaesthesiology,provider label,14,one-liner,fact recall,no,no,no,no,B,,
2024-jan-sample-q003,2024,January,sample,PrepLadder,sample,3,Anaesthesiology,provider label,13,one-liner,fact recall,no,no,no,no,A,,
2024-jan-sample-q004,2024,January,sample,PrepLadder,sample,4,Anaesthesiology,provider label,12,one-liner,mechanism,no,no,no,no,A,,
2024-jan-sample-q005,2024,January,sample,PrepLadder,sample,5,Anatomy,provider label,10,image-led,diagnosis,yes,no,no,no,A,,
2024-jan-sample-q006,2024,January,sample,PrepLadder,sample,6,Anatomy,provider label,15,image-led,fact recall,yes,no,no,no,B,,
2024-jan-sample-q007,2024,January,sample,PrepLadder,sample,7,Anatomy,provider label,16,direct (longer),anatomy,no,no,no,no,D,,
2024-jan-sample-q008,2024,January,sample,PrepLadder,sample,8,Anatomy,provider label,17,direct (longer),diagnosis,no,no,no,no,B,,
2024-jan-sample-q009,2024,January,sample,PrepLadder,sample,9,Anatomy,provider label,16,image-led,anatomy,yes,no,no,no,A,,
2024-jan-sample-q010,2024,January,sample,PrepLadder,sample,10,Biochemistry,provider label,8,one-liner,fact recall,no,no,no,no,A,,
2024-jan-sample-q011,2024,January,sample,PrepLadder,sample,11,Biochemistry,provider label,25,clinical vignette,diagnosis,no,no,yes,no,D,,
2024-jan-sample-q012,2024,January,sample,PrepLadder,sample,12,Dermatology,provider label,22,image-led,diagnosis,yes,no,yes,no,A,,
2024-jan-sample-q013,2024,January,sample,PrepLadder,sample,13,Dermatology,provider label,34,image-led,investigation,yes,no,yes,no,B,,
2024-jan-sample-q014,2024,January,sample,PrepLadder,sample,14,ENT,provider label,18,direct (longer),anatomy,no,no,no,no,B,,
2024-jan-sample-q015,2024,January,sample,PrepLadder,sample,15,Forensic Medicine,provider label,11,one-liner,fact recall,no,no,no,no,A,,
2024-jan-sample-q016,2024,January,sample,PrepLadder,sample,16,Forensic Medicine,provider label,31,direct (longer),investigation,no,no,no,no,A,,
2024-jan-sample-q017,2024,January,sample,PrepLadder,sample,17,Obstetrics & Gynaecology,provider label,7,one-liner,fact recall,no,no,no,no,B,,
2024-jan-sample-q018,2024,January,sample,PrepLadder,sample,18,Obstetrics & Gynaecology,provider label,11,one-liner,fact recall,no,no,no,no,A,,
2024-jan-sample-q019,2024,January,sample,PrepLadder,sample,19,Obstetrics & Gynaecology,provider label,28,clinical vignette,management,no,no,yes,no,B,,
2024-jan-sample-q020,2024,January,sample,PrepLadder,sample,20,Medicine,provider label,39,clinical vignette,diagnosis,no,no,yes,no,A,,
2024-jan-sample-q021,2024,January,sample,PrepLadder,sample,21,Medicine,provider label,11,one-liner,investigation,no,no,no,no,D,,
2024-jan-sample-q022,2024,January,sample,PrepLadder,sample,22,Microbiology,provider label,16,clinical vignette,mechanism,no,no,yes,no,C,,
2024-jan-sample-q023,2024,January,sample,PrepLadder,sample,23,Microbiology,provider label,26,clinical vignette,fact recall,no,no,yes,no,B,,
2024-jan-sample-q024,2024,January,sample,PrepLadder,sample,24,Microbiology,provider label,12,clinical vignette,fact recall,no,no,yes,no,D,,
2024-jan-sample-q025,2024,January,sample,PrepLadder,sample,25,Ophthalmology,provider label,5,one-liner,mechanism,no,no,no,no,A,,
2024-jan-sample-q026,2024,January,sample,PrepLadder,sample,26,Ophthalmology,provider label,7,one-liner,anatomy,no,no,no,no,A,,
2024-jan-sample-q027,2024,January,sample,PrepLadder,sample,27,Ophthalmology,provider label,9,one-liner,fact recall,no,no,no,no,A,,
2024-jan-sample-q028,2024,January,sample,PrepLadder,sample,28,Orthopaedics,provider label,18,clinical vignette,diagnosis,no,no,yes,no,C,,
2024-jan-sample-q029,2024,January,sample,PrepLadder,sample,29,Community Medicine,provider label,23,direct (longer),fact recall,no,no,no,no,C,,
2024-jan-sample-q030,2024,January,sample,PrepLadder,sample,30,Community Medicine,provider label,16,direct (longer),fact recall,no,no,no,no,A,,
2024-jan-sample-q031,2024,January,sample,PrepLadder,sample,31,Community Medicine,provider label,12,one-liner,mechanism,no,no,no,no,A,,
2024-jan-sample-q032,2024,January,sample,PrepLadder,sample,32,Community Medicine,provider label,7,one-liner,fact recall,no,no,no,no,B,,
2024-jan-sample-q033,2024,January,sample,PrepLadder,sample,33,Community Medicine,provider label,41,direct (longer),calculation,no,no,no,yes,B,,
2024-jan-sample-q034,2024,January,sample,PrepLadder,sample,34,Community Medicine,provider label,11,one-liner,fact recall,no,no,no,no,A,,
2024-jan-sample-q035,2024,January,sample,PrepLadder,sample,35,Community Medicine,provider label,27,direct (longer),anatomy,no,no,no,no,A,,
2024-jan-sample-q036,2024,January,sample,PrepLadder,sample,36,Pathology,provider label,10,one-liner,fact recall,no,no,no,no,C,,
2024-jan-sample-q037,2024,January,sample,PrepLadder,sample,37,Pathology,provider label,32,clinical vignette,diagnosis,no,no,yes,no,A,,
2024-jan-sample-q038,2024,January,sample,PrepLadder,sample,38,Paediatrics,provider label,18,clinical vignette,diagnosis,no,no,yes,no,A,,
2024-jan-sample-q039,2024,January,sample,PrepLadder,sample,39,Paediatrics,provider label,22,clinical vignette,fact recall,no,no,yes,no,B,,
2024-jan-sample-q040,2024,January,sample,PrepLadder,sample,40,Paediatrics,provider label,17,clinical vignette,fact recall,no,no,yes,no,B,,
2024-jan-sample-q041,2024,January,sample,PrepLadder,sample,41,Paediatrics,provider label,19,clinical vignette,diagnosis,no,no,yes,no,B,,
2024-jan-sample-q042,2024,January,sample,PrepLadder,sample,42,Paediatrics,provider label,13,one-liner,fact recall,no,no,no,no,C,,
2024-jan-sample-q043,2024,January,sample,PrepLadder,sample,43,Pharmacology,provider label,8,one-liner,mechanism,no,no,no,no,B,,
2024-jan-sample-q044,2024,January,sample,PrepLadder,sample,44,Pharmacology,provider label,9,one-liner,mechanism,no,no,no,no,B,,
2024-jan-sample-q045,2024,January,sample,PrepLadder,sample,45,Physiology,provider label,12,one-liner,fact recall,no,no,no,no,A,,
2024-jan-sample-q046,2024,January,sample,PrepLadder,sample,46,Physiology,provider label,9,one-liner,fact recall,no,no,no,no,D,,
2024-jan-sample-q047,2024,January,sample,PrepLadder,sample,47,Psychiatry,provider label,47,clinical vignette,diagnosis,no,no,yes,no,C,,
2024-jan-sample-q048,2024,January,sample,PrepLadder,sample,48,Radiology (diagnosis + therapy),provider label,13,one-liner,diagnosis,no,no,no,no,B,,
2024-jan-sample-q049,2024,January,sample,PrepLadder,sample,49,General Surgery,provider label,37,clinical vignette,diagnosis,no,no,yes,no,C,,
2024-jun-sample-q001,2024,June,sample,PrepLadder,sample,1,Anaesthesiology,provider label,15,one-liner,fact recall,no,no,no,no,B,,
2024-jun-sample-q002,2024,June,sample,PrepLadder,sample,2,Anaesthesiology,provider label,17,direct (longer),fact recall,no,no,no,no,A,,
2024-jun-sample-q003,2024,June,sample,PrepLadder,sample,3,Anatomy,provider label,4,image-led,diagnosis,yes,no,no,no,A,,
2024-jun-sample-q004,2024,June,sample,PrepLadder,sample,4,Anatomy,provider label,9,one-liner,anatomy,no,no,no,no,A,,
2024-jun-sample-q005,2024,June,sample,PrepLadder,sample,5,Biochemistry,provider label,11,one-liner,fact recall,no,no,no,no,B,,
2024-jun-sample-q006,2024,June,sample,PrepLadder,sample,6,Biochemistry,provider label,32,clinical vignette,diagnosis,no,no,yes,no,A,,
2024-jun-sample-q007,2024,June,sample,PrepLadder,sample,7,Dermatology,provider label,24,direct (longer),mechanism,no,no,no,no,A,,
2024-jun-sample-q008,2024,June,sample,PrepLadder,sample,8,Dermatology,provider label,45,clinical vignette,management,no,no,yes,no,A,,
2024-jun-sample-q009,2024,June,sample,PrepLadder,sample,9,ENT,provider label,19,clinical vignette,diagnosis,no,no,yes,no,B,,
2024-jun-sample-q010,2024,June,sample,PrepLadder,sample,10,ENT,provider label,19,clinical vignette,fact recall,no,yes,yes,no,B,,
2024-jun-sample-q011,2024,June,sample,PrepLadder,sample,11,Forensic Medicine,provider label,35,direct (longer),diagnosis,no,no,no,no,A,,
2024-jun-sample-q012,2024,June,sample,PrepLadder,sample,12,Forensic Medicine,provider label,12,one-liner,fact recall,no,no,no,no,B,,
2024-jun-sample-q013,2024,June,sample,PrepLadder,sample,13,Forensic Medicine,provider label,29,direct (longer),investigation,no,no,no,no,A,,
2024-jun-sample-q014,2024,June,sample,PrepLadder,sample,14,Obstetrics & Gynaecology,provider label,53,clinical vignette,mechanism,no,no,yes,no,D,,
2024-jun-sample-q015,2024,June,sample,PrepLadder,sample,15,Obstetrics & Gynaecology,provider label,14,one-liner,investigation,no,no,no,no,C,,
2024-jun-sample-q016,2024,June,sample,PrepLadder,sample,16,Obstetrics & Gynaecology,provider label,4,image-led,diagnosis,yes,no,no,no,B,,
2024-jun-sample-q017,2024,June,sample,PrepLadder,sample,17,Obstetrics & Gynaecology,provider label,10,one-liner,fact recall,no,no,no,no,C,,
2024-jun-sample-q018,2024,June,sample,PrepLadder,sample,18,Obstetrics & Gynaecology,provider label,11,image-led,diagnosis,yes,no,no,no,D,,
2024-jun-sample-q019,2024,June,sample,PrepLadder,sample,19,Medicine,provider label,28,clinical vignette,management,no,no,yes,no,A,,
2024-jun-sample-q020,2024,June,sample,PrepLadder,sample,20,Medicine,provider label,23,clinical vignette,fact recall,no,no,yes,no,B,,
2024-jun-sample-q021,2024,June,sample,PrepLadder,sample,21,Microbiology,provider label,35,clinical vignette,mechanism,no,no,yes,no,D,,
2024-jun-sample-q022,2024,June,sample,PrepLadder,sample,22,Microbiology,provider label,39,clinical vignette,diagnosis,no,no,yes,no,C,,
2024-jun-sample-q023,2024,June,sample,PrepLadder,sample,23,Ophthalmology,provider label,28,clinical vignette,diagnosis,no,no,yes,no,D,,
2024-jun-sample-q024,2024,June,sample,PrepLadder,sample,24,Ophthalmology,provider label,6,one-liner,investigation,no,no,no,no,A,,
2024-jun-sample-q025,2024,June,sample,PrepLadder,sample,25,Orthopaedics,provider label,29,clinical vignette,diagnosis,no,no,yes,no,A,,
2024-jun-sample-q026,2024,June,sample,PrepLadder,sample,26,Orthopaedics,provider label,37,image-led,diagnosis,yes,no,yes,no,D,,2023-jan-full-q084
2024-jun-sample-q027,2024,June,sample,PrepLadder,sample,27,Orthopaedics,provider label,23,clinical vignette,investigation,no,no,yes,no,A,,
2024-jun-sample-q028,2024,June,sample,PrepLadder,sample,28,Community Medicine,provider label,16,direct (longer),fact recall,no,no,no,no,A,,
2024-jun-sample-q029,2024,June,sample,PrepLadder,sample,29,Community Medicine,provider label,8,one-liner,management,no,no,no,no,A,,
2024-jun-sample-q030,2024,June,sample,PrepLadder,sample,30,Community Medicine,provider label,11,one-liner,fact recall,no,no,no,no,D,,
2024-jun-sample-q031,2024,June,sample,PrepLadder,sample,31,Community Medicine,provider label,13,one-liner,fact recall,no,yes,no,no,D,,
2024-jun-sample-q032,2024,June,sample,PrepLadder,sample,32,Community Medicine,provider label,9,one-liner,fact recall,no,no,no,no,C,,
2024-jun-sample-q033,2024,June,sample,PrepLadder,sample,33,Pathology,provider label,11,one-liner,investigation,no,no,no,no,B,,
2024-jun-sample-q034,2024,June,sample,PrepLadder,sample,34,Pathology,provider label,23,clinical vignette,diagnosis,no,no,yes,no,A,,
2024-jun-sample-q035,2024,June,sample,PrepLadder,sample,35,Pathology,provider label,9,one-liner,fact recall,no,no,no,no,B,,
2024-jun-sample-q036,2024,June,sample,PrepLadder,sample,36,Pathology,provider label,7,one-liner,fact recall,no,no,no,no,B,,
2024-jun-sample-q037,2024,June,sample,PrepLadder,sample,37,Paediatrics,provider label,28,clinical vignette,fact recall,no,no,yes,no,B,,
2024-jun-sample-q038,2024,June,sample,PrepLadder,sample,38,Paediatrics,provider label,18,direct (longer),mechanism,no,no,no,no,B,,
2024-jun-sample-q039,2024,June,sample,PrepLadder,sample,39,Paediatrics,provider label,8,one-liner,mechanism,no,no,no,no,A,,
2024-jun-sample-q040,2024,June,sample,PrepLadder,sample,40,Pharmacology,provider label,20,clinical vignette,management,no,no,yes,no,A,,
2024-jun-sample-q041,2024,June,sample,PrepLadder,sample,41,Pharmacology,provider label,23,clinical vignette,management,no,no,yes,no,B,,
2024-jun-sample-q042,2024,June,sample,PrepLadder,sample,42,Physiology,provider label,11,clinical vignette,mechanism,no,no,yes,no,A,,
2024-jun-sample-q043,2024,June,sample,PrepLadder,sample,43,Physiology,provider label,13,one-liner,diagnosis,no,no,no,no,A,,
2024-jun-sample-q044,2024,June,sample,PrepLadder,sample,44,Psychiatry,provider label,8,one-liner,fact recall,no,no,no,no,C,,
2024-jun-sample-q045,2024,June,sample,PrepLadder,sample,45,Psychiatry,provider label,22,clinical vignette,diagnosis,no,no,yes,no,D,,
2024-jun-sample-q046,2024,June,sample,PrepLadder,sample,46,Radiology (diagnosis + therapy),provider label,7,one-liner,fact recall,no,no,no,no,A,,
2024-jun-sample-q047,2024,June,sample,PrepLadder,sample,47,Radiology (diagnosis + therapy),provider label,5,one-liner,fact recall,no,no,no,no,A,,
2024-jun-sample-q048,2024,June,sample,PrepLadder,sample,48,Radiology (diagnosis + therapy),provider label,14,one-liner,fact recall,no,no,no,no,A,,
2024-jun-sample-q049,2024,June,sample,PrepLadder,sample,49,General Surgery,provider label,35,clinical vignette,diagnosis,no,no,yes,no,D,,
2024-jun-sample-q050,2024,June,sample,PrepLadder,sample,50,General Surgery,provider label,10,one-liner,fact recall,no,yes,no,no,D,,
2024-jun-sample-q051,2024,June,sample,PrepLadder,sample,51,General Surgery,provider label,16,clinical vignette,diagnosis,no,no,yes,no,A,,
2024-jun-sample-q052,2024,June,sample,PrepLadder,sample,52,General Surgery,provider label,13,one-liner,anatomy,no,no,no,no,B,,
2024-jun-sample-q053,2024,June,sample,PrepLadder,sample,53,General Surgery,provider label,11,one-liner,anatomy,no,no,no,no,D,,
2025-jan-1-q001,2025,January,1,PrepLadder,full,1,Microbiology,model,16,clinical vignette,investigation,no,no,yes,no,B,,
2025-jan-1-q002,2025,January,1,PrepLadder,full,2,Pathology,model,36,clinical vignette,diagnosis,no,no,yes,no,C,,
2025-jan-1-q003,2025,January,1,PrepLadder,full,3,Anatomy,model,31,clinical vignette,anatomy,no,no,yes,no,,,
2025-jan-1-q004,2025,January,1,PrepLadder,full,4,Obstetrics & Gynaecology,model,16,direct (longer),fact recall,no,no,no,no,A,,
2025-jan-1-q005,2025,January,1,PrepLadder,full,5,Ophthalmology,model,12,one-liner,fact recall,no,no,no,no,C,,
2025-jan-1-q006,2025,January,1,PrepLadder,full,6,Microbiology,model,27,image-led,fact recall,yes,no,yes,no,,,
2025-jan-1-q007,2025,January,1,PrepLadder,full,7,Community Medicine,model,6,one-liner,fact recall,no,no,no,no,A,,
2025-jan-1-q008,2025,January,1,PrepLadder,full,8,Community Medicine,model,11,one-liner,mechanism,no,no,no,no,C,,
2025-jan-1-q009,2025,January,1,PrepLadder,full,9,Pharmacology,model,14,one-liner,fact recall,no,no,no,no,B,,
2025-jan-1-q010,2025,January,1,PrepLadder,full,10,Biochemistry,model,9,one-liner,mechanism,no,no,no,no,B,,
2025-jan-1-q011,2025,January,1,PrepLadder,full,11,Community Medicine,model,11,one-liner,fact recall,no,no,no,no,B,,
2025-jan-1-q012,2025,January,1,PrepLadder,full,12,General Surgery,model,13,one-liner,fact recall,no,no,no,no,A,,
2025-jan-1-q013,2025,January,1,PrepLadder,full,13,Microbiology,model,21,direct (longer),fact recall,no,no,no,no,A,,
2025-jan-1-q014,2025,January,1,PrepLadder,full,14,Anatomy,model,13,image-led,diagnosis,yes,no,yes,no,A,,
2025-jan-1-q015,2025,January,1,PrepLadder,full,15,Community Medicine,model,19,direct (longer),fact recall,no,no,no,no,D,,
2025-jan-1-q016,2025,January,1,PrepLadder,full,16,Forensic Medicine,model,45,direct (longer),fact recall,no,no,no,no,C,,
2025-jan-1-q017,2025,January,1,PrepLadder,full,17,General Surgery,model,22,clinical vignette,diagnosis,no,no,yes,no,B,,
2025-jan-1-q018,2025,January,1,PrepLadder,full,18,Community Medicine,model,28,clinical vignette,diagnosis,no,no,yes,no,A,,
2025-jan-1-q019,2025,January,1,PrepLadder,full,19,Orthopaedics,model,9,one-liner,diagnosis,no,no,no,no,,,
2025-jan-1-q020,2025,January,1,PrepLadder,full,20,Community Medicine,model,27,direct (longer),diagnosis,no,no,no,no,,,
2025-jan-1-q021,2025,January,1,PrepLadder,full,21,Medicine,model,22,clinical vignette,anatomy,no,no,yes,no,A,,
2025-jan-1-q022,2025,January,1,PrepLadder,full,22,Forensic Medicine,model,6,one-liner,fact recall,no,no,no,no,A,,
2025-jan-1-q023,2025,January,1,PrepLadder,full,23,Forensic Medicine,model,25,clinical vignette,fact recall,no,no,yes,no,D,,
2025-jan-1-q024,2025,January,1,PrepLadder,full,24,Ophthalmology,model,35,clinical vignette,diagnosis,no,no,yes,no,C,,
2025-jan-1-q025,2025,January,1,PrepLadder,full,25,Medicine,model,26,clinical vignette,diagnosis,no,no,yes,no,C,,
2025-jan-1-q026,2025,January,1,PrepLadder,full,26,General Surgery,model,24,clinical vignette,investigation,no,no,yes,no,D,,
2025-jan-1-q027,2025,January,1,PrepLadder,full,27,Obstetrics & Gynaecology,model,10,one-liner,fact recall,no,no,no,no,D,,
2025-jan-1-q028,2025,January,1,PrepLadder,full,28,Microbiology,model,24,clinical vignette,fact recall,no,no,yes,no,B,,
2025-jan-1-q029,2025,January,1,PrepLadder,full,29,Community Medicine,model,10,one-liner,fact recall,no,no,no,no,D,,
2025-jan-1-q030,2025,January,1,PrepLadder,full,30,Community Medicine,model,18,clinical vignette,diagnosis,no,no,yes,no,A,,
2025-jan-1-q031,2025,January,1,PrepLadder,full,31,Anatomy,model,7,image-led,diagnosis,yes,no,no,no,A,,
2025-jan-1-q032,2025,January,1,PrepLadder,full,32,Obstetrics & Gynaecology,model,12,one-liner,fact recall,no,no,no,no,B,,
2025-jan-1-q033,2025,January,1,PrepLadder,full,33,Pharmacology,model,33,clinical vignette,diagnosis,no,no,yes,no,A,,
2025-jan-1-q034,2025,January,1,PrepLadder,full,34,Medicine,model,48,clinical vignette,diagnosis,no,no,yes,no,A,,
2025-jan-1-q035,2025,January,1,PrepLadder,full,35,Community Medicine,model,9,clinical vignette,fact recall,no,no,yes,no,B,,
2025-jan-1-q036,2025,January,1,PrepLadder,full,36,Pharmacology,model,13,one-liner,diagnosis,no,no,no,no,B,,
2025-jan-1-q037,2025,January,1,PrepLadder,full,37,ENT,model,19,image-led,diagnosis,yes,no,yes,no,A,,
2025-jan-1-q038,2025,January,1,PrepLadder,full,38,Psychiatry,model,34,clinical vignette,diagnosis,no,no,yes,no,B,,
2025-jan-1-q039,2025,January,1,PrepLadder,full,39,Medicine,model,26,clinical vignette,diagnosis,no,no,yes,no,A,,
2025-jan-1-q040,2025,January,1,PrepLadder,full,40,Paediatrics,model,18,clinical vignette,fact recall,no,no,yes,no,A,,
2025-jan-1-q041,2025,January,1,PrepLadder,full,41,Medicine,model,33,clinical vignette,diagnosis,no,no,yes,no,A,,
2025-jan-1-q042,2025,January,1,PrepLadder,full,42,Medicine,model,24,clinical vignette,fact recall,no,no,yes,no,D,,
2025-jan-1-q043,2025,January,1,PrepLadder,full,43,Paediatrics,model,22,clinical vignette,fact recall,no,no,yes,no,A,,
2025-jan-1-q044,2025,January,1,PrepLadder,full,44,Community Medicine,model,14,clinical vignette,diagnosis,no,no,yes,no,B,,
2025-jan-1-q045,2025,January,1,PrepLadder,full,45,Anatomy,model,14,image-led,diagnosis,yes,no,no,no,C,,
2025-jan-1-q046,2025,January,1,PrepLadder,full,46,Anatomy,model,10,image-led,diagnosis,yes,no,no,no,D,,
2025-jan-1-q047,2025,January,1,PrepLadder,full,47,General Surgery,model,22,clinical vignette,diagnosis,no,no,yes,no,D,,
2025-jan-1-q048,2025,January,1,PrepLadder,full,48,Community Medicine,model,19,direct (longer),fact recall,no,no,no,no,C,,
2025-jan-1-q049,2025,January,1,PrepLadder,full,49,Medicine,model,16,clinical vignette,management,no,no,yes,no,A,,
2025-jan-1-q050,2025,January,1,PrepLadder,full,50,Pharmacology,model,10,one-liner,fact recall,no,no,no,no,A,,
2025-jan-1-q051,2025,January,1,PrepLadder,full,51,Community Medicine,model,27,clinical vignette,diagnosis,no,no,yes,no,D,,
2025-jan-1-q052,2025,January,1,PrepLadder,full,52,Biochemistry,model,22,clinical vignette,diagnosis,no,no,yes,no,A,,
2025-jan-1-q053,2025,January,1,PrepLadder,full,53,General Surgery,model,9,one-liner,fact recall,no,no,no,no,D,,
2025-jan-1-q054,2025,January,1,PrepLadder,full,54,Biochemistry,model,30,clinical vignette,fact recall,no,no,yes,no,A,,
2025-jan-1-q055,2025,January,1,PrepLadder,full,55,Pharmacology,model,27,direct (longer),mechanism,no,no,no,no,C,,
2025-jan-1-q056,2025,January,1,PrepLadder,full,56,Obstetrics & Gynaecology,model,30,clinical vignette,diagnosis,no,no,yes,no,A,,
2025-jan-1-q057,2025,January,1,PrepLadder,full,57,Biochemistry,model,13,one-liner,mechanism,no,no,no,no,D,,
2025-jan-1-q058,2025,January,1,PrepLadder,full,58,Pharmacology,model,23,clinical vignette,investigation,no,no,yes,no,A,,
2025-jan-1-q059,2025,January,1,PrepLadder,full,59,Biochemistry,model,13,one-liner,mechanism,no,no,no,no,C,,
2025-jan-1-q060,2025,January,1,PrepLadder,full,60,Pharmacology,model,25,clinical vignette,management,no,no,yes,no,C,,
2025-jan-1-q061,2025,January,1,PrepLadder,full,61,General Surgery,model,11,one-liner,mechanism,no,no,no,no,A,,
2025-jan-1-q062,2025,January,1,PrepLadder,full,62,Pharmacology,model,20,clinical vignette,mechanism,no,no,yes,no,C,,
2025-jan-1-q063,2025,January,1,PrepLadder,full,63,Pharmacology,model,32,clinical vignette,management,no,no,yes,no,A,,
2025-jan-1-q064,2025,January,1,PrepLadder,full,64,Community Medicine,model,15,one-liner,management,no,yes,no,no,D,,
2025-jan-1-q065,2025,January,1,PrepLadder,full,65,Biochemistry,model,14,clinical vignette,diagnosis,no,no,yes,no,A,,
2025-jan-1-q066,2025,January,1,PrepLadder,full,66,General Surgery,model,22,direct (longer),diagnosis,no,no,no,no,C,,
2025-jan-1-q067,2025,January,1,PrepLadder,full,67,General Surgery,model,31,image-led,management,yes,no,yes,no,A,,
2025-jan-1-q068,2025,January,1,PrepLadder,full,68,General Surgery,model,25,clinical vignette,investigation,no,no,yes,no,A,,
2025-jan-1-q069,2025,January,1,PrepLadder,full,69,Obstetrics & Gynaecology,model,12,one-liner,diagnosis,no,no,no,no,A,,
2025-jan-1-q070,2025,January,1,PrepLadder,full,70,Obstetrics & Gynaecology,model,5,one-liner,fact recall,no,no,no,no,A,,
2025-jan-1-q071,2025,January,1,PrepLadder,full,71,Obstetrics & Gynaecology,model,7,one-liner,fact recall,no,no,no,no,A,,
2025-jan-1-q072,2025,January,1,PrepLadder,full,72,Anatomy,model,7,one-liner,fact recall,no,no,no,no,A,,
2025-jan-1-q073,2025,January,1,PrepLadder,full,73,Obstetrics & Gynaecology,model,5,image-led,fact recall,yes,no,no,no,B,,
2025-jan-1-q074,2025,January,1,PrepLadder,full,74,Paediatrics,model,21,clinical vignette,diagnosis,no,no,yes,no,A,,
2025-jan-1-q075,2025,January,1,PrepLadder,full,75,Orthopaedics,model,17,clinical vignette,diagnosis,no,no,yes,no,A,,
2025-jan-1-q076,2025,January,1,PrepLadder,full,76,Obstetrics & Gynaecology,model,7,image-led,fact recall,yes,no,no,no,A,,
2025-jan-1-q077,2025,January,1,PrepLadder,full,77,Obstetrics & Gynaecology,model,7,one-liner,investigation,no,no,no,no,D,,
2025-jan-1-q078,2025,January,1,PrepLadder,full,78,General Surgery,model,18,image-led,diagnosis,yes,no,yes,no,A,,
2025-jan-1-q079,2025,January,1,PrepLadder,full,79,Orthopaedics,model,3,image-led,diagnosis,yes,no,no,no,A,,
2025-jan-1-q080,2025,January,1,PrepLadder,full,80,Community Medicine,model,11,one-liner,fact recall,no,no,no,no,A,,
2025-jan-1-q081,2025,January,1,PrepLadder,full,81,Obstetrics & Gynaecology,model,9,image-led,diagnosis,yes,no,no,no,A,,
2025-jan-1-q082,2025,January,1,PrepLadder,full,82,Community Medicine,model,13,image-led,diagnosis,yes,no,no,no,A,,
2025-jan-1-q083,2025,January,1,PrepLadder,full,83,Community Medicine,model,26,clinical vignette,fact recall,no,no,yes,no,A,,
2025-jan-1-q084,2025,January,1,PrepLadder,full,84,General Surgery,model,40,clinical vignette,diagnosis,no,no,yes,no,C,,
2025-jan-1-q085,2025,January,1,PrepLadder,full,85,Microbiology,model,11,one-liner,fact recall,no,no,no,no,A,,
2025-jan-1-q086,2025,January,1,PrepLadder,full,86,Microbiology,model,12,one-liner,fact recall,no,no,no,no,C,,
2025-jan-1-q087,2025,January,1,PrepLadder,full,87,ENT,model,27,clinical vignette,anatomy,no,no,yes,no,,,
2025-jan-1-q088,2025,January,1,PrepLadder,full,88,ENT,model,39,clinical vignette,management,no,no,yes,no,D,,
2025-jan-1-q089,2025,January,1,PrepLadder,full,89,Medicine,model,18,clinical vignette,diagnosis,no,no,yes,no,C,,
2025-jan-1-q090,2025,January,1,PrepLadder,full,90,Obstetrics & Gynaecology,model,4,image-led,fact recall,yes,no,no,no,A,,
2025-jan-1-q091,2025,January,1,PrepLadder,full,91,Community Medicine,model,21,direct (longer),calculation,no,no,no,yes,A,,
2025-jan-1-q092,2025,January,1,PrepLadder,full,92,Community Medicine,model,11,one-liner,fact recall,no,no,no,no,A,,
2025-jan-1-q093,2025,January,1,PrepLadder,full,93,Obstetrics & Gynaecology,model,14,clinical vignette,management,no,no,yes,no,C,,
2025-jan-1-q094,2025,January,1,PrepLadder,full,94,Community Medicine,model,12,one-liner,fact recall,no,no,no,no,C,,
2025-jan-1-q095,2025,January,1,PrepLadder,full,95,ENT,model,49,clinical vignette,investigation,no,no,yes,no,B,,
2025-jan-1-q096,2025,January,1,PrepLadder,full,96,Medicine,model,44,direct (longer),calculation,no,no,no,yes,A,,
2025-jan-1-q097,2025,January,1,PrepLadder,full,97,Medicine,model,24,clinical vignette,diagnosis,no,no,yes,no,A,,
2025-jan-1-q098,2025,January,1,PrepLadder,full,98,Pharmacology,model,12,one-liner,fact recall,no,yes,no,no,B,,
2025-jan-1-q099,2025,January,1,PrepLadder,full,99,Obstetrics & Gynaecology,model,9,image-led,management,yes,no,no,no,C,,
2025-jan-1-q100,2025,January,1,PrepLadder,full,100,Community Medicine,model,18,direct (longer),investigation,no,no,no,no,C,,
2025-jan-1-q101,2025,January,1,PrepLadder,full,101,Obstetrics & Gynaecology,model,7,one-liner,management,no,no,no,no,D,,
2025-jan-1-q102,2025,January,1,PrepLadder,full,102,Obstetrics & Gynaecology,model,11,one-liner,fact recall,no,no,no,no,A,,
2025-jan-1-q103,2025,January,1,PrepLadder,full,103,Obstetrics & Gynaecology,model,38,clinical vignette,management,no,no,yes,no,A,,
2025-jan-1-q104,2025,January,1,PrepLadder,full,104,General Surgery,model,12,one-liner,investigation,no,no,no,no,B,,
2025-jan-1-q105,2025,January,1,PrepLadder,full,105,ENT,model,23,clinical vignette,diagnosis,no,no,yes,no,B,,
2025-jan-1-q106,2025,January,1,PrepLadder,full,106,Obstetrics & Gynaecology,model,5,one-liner,fact recall,no,no,no,no,A,,
2025-jan-1-q107,2025,January,1,PrepLadder,full,107,Community Medicine,model,9,one-liner,fact recall,no,no,no,no,A,,
2025-jan-1-q108,2025,January,1,PrepLadder,full,108,Obstetrics & Gynaecology,model,13,one-liner,investigation,no,no,no,no,B,,
2025-jan-1-q109,2025,January,1,PrepLadder,full,109,Biochemistry,model,8,image-led,diagnosis,yes,no,no,no,B,,
2025-jan-1-q110,2025,January,1,PrepLadder,full,110,Obstetrics & Gynaecology,model,20,clinical vignette,diagnosis,no,no,yes,no,A,,
2025-jan-1-q111,2025,January,1,PrepLadder,full,111,Paediatrics,model,35,clinical vignette,diagnosis,no,no,yes,no,B,,
2025-jan-1-q112,2025,January,1,PrepLadder,full,112,Medicine,model,14,clinical vignette,diagnosis,no,no,yes,no,A,,
2025-jan-1-q113,2025,January,1,PrepLadder,full,113,General Surgery,model,24,clinical vignette,investigation,no,no,yes,no,D,,
2025-jan-1-q114,2025,January,1,PrepLadder,full,114,Community Medicine,model,9,one-liner,diagnosis,no,no,no,no,A,,
2025-jan-1-q115,2025,January,1,PrepLadder,full,115,General Surgery,model,38,clinical vignette,diagnosis,no,no,yes,no,A,,
2025-jan-1-q116,2025,January,1,PrepLadder,full,116,Medicine,model,24,clinical vignette,fact recall,no,no,yes,no,D,,
2025-jan-1-q117,2025,January,1,PrepLadder,full,117,General Surgery,model,11,image-led,diagnosis,yes,no,yes,no,C,,
2025-jan-1-q118,2025,January,1,PrepLadder,full,118,Medicine,model,35,clinical vignette,diagnosis,no,no,yes,no,A,,
2025-jan-1-q119,2025,January,1,PrepLadder,full,119,Obstetrics & Gynaecology,model,3,image-led,diagnosis,yes,no,no,no,C,,
2025-jan-1-q120,2025,January,1,PrepLadder,full,120,Community Medicine,model,10,one-liner,fact recall,no,no,no,no,A,,
2025-jan-1-q121,2025,January,1,PrepLadder,full,121,Community Medicine,model,14,one-liner,management,no,no,no,no,D,,
2025-jan-1-q122,2025,January,1,PrepLadder,full,122,Medicine,model,22,clinical vignette,management,no,no,yes,no,B,,
2025-jan-1-q123,2025,January,1,PrepLadder,full,123,General Surgery,model,41,clinical vignette,diagnosis,no,no,yes,no,C,,
2025-jan-1-q124,2025,January,1,PrepLadder,full,124,General Surgery,model,43,clinical vignette,management,no,no,yes,no,B,,
2025-jan-1-q125,2025,January,1,PrepLadder,full,125,General Surgery,model,49,clinical vignette,fact recall,no,no,yes,no,B,,
2025-jan-1-q126,2025,January,1,PrepLadder,full,126,General Surgery,model,11,one-liner,fact recall,no,no,no,no,A,,
2025-jan-1-q127,2025,January,1,PrepLadder,full,127,Community Medicine,model,18,clinical vignette,management,no,no,yes,no,C,,
2025-jan-1-q128,2025,January,1,PrepLadder,full,128,Community Medicine,model,18,direct (longer),diagnosis,no,no,no,no,D,,
2025-jan-1-q129,2025,January,1,PrepLadder,full,129,Community Medicine,model,9,one-liner,management,no,no,no,no,B,,
2025-jan-1-q130,2025,January,1,PrepLadder,full,130,Pathology,model,31,clinical vignette,diagnosis,no,no,yes,no,C,,
2025-jan-1-q131,2025,January,1,PrepLadder,full,131,Anatomy,model,19,image-led,investigation,yes,no,no,no,A,,
2025-jan-1-q132,2025,January,1,PrepLadder,full,132,General Surgery,model,43,clinical vignette,diagnosis,no,no,yes,no,A,,
2025-jan-1-q133,2025,January,1,PrepLadder,full,133,Obstetrics & Gynaecology,model,25,clinical vignette,diagnosis,no,no,yes,no,B,,
2025-jan-1-q134,2025,January,1,PrepLadder,full,134,General Surgery,model,9,one-liner,fact recall,no,no,no,no,D,,
2025-jan-1-q135,2025,January,1,PrepLadder,full,135,Obstetrics & Gynaecology,model,9,one-liner,diagnosis,no,no,no,no,D,,
2025-jan-1-q136,2025,January,1,PrepLadder,full,136,Anatomy,model,4,image-led,diagnosis,yes,no,no,no,B,,
2025-jan-1-q137,2025,January,1,PrepLadder,full,137,General Surgery,model,20,clinical vignette,diagnosis,no,no,yes,no,C,,
2025-jan-1-q138,2025,January,1,PrepLadder,full,138,General Surgery,model,23,clinical vignette,diagnosis,no,no,yes,no,A,,
2025-jan-1-q139,2025,January,1,PrepLadder,full,139,Obstetrics & Gynaecology,model,51,clinical vignette,management,no,no,yes,no,C,,
2025-jan-1-q140,2025,January,1,PrepLadder,full,140,Obstetrics & Gynaecology,model,63,clinical vignette,management,no,no,yes,no,C,,
2025-jan-1-q141,2025,January,1,PrepLadder,full,141,Community Medicine,model,8,one-liner,fact recall,no,no,no,no,B,,
2025-jan-1-q142,2025,January,1,PrepLadder,full,142,Anatomy,model,24,clinical vignette,diagnosis,no,no,yes,no,A,,
2025-jan-1-q143,2025,January,1,PrepLadder,full,143,Community Medicine,model,10,one-liner,fact recall,no,no,no,no,C,,
2025-jan-1-q144,2025,January,1,PrepLadder,full,144,Paediatrics,model,49,clinical vignette,fact recall,no,no,yes,no,B,,
2025-jan-1-q145,2025,January,1,PrepLadder,full,145,Anaesthesiology,model,24,clinical vignette,anatomy,no,no,yes,no,C,,
2025-jan-1-q146,2025,January,1,PrepLadder,full,146,Obstetrics & Gynaecology,model,9,one-liner,fact recall,no,yes,no,no,A,,
2025-jan-1-q147,2025,January,1,PrepLadder,full,147,Community Medicine,model,10,one-liner,mechanism,no,no,no,no,A,,
2025-jan-1-q148,2025,January,1,PrepLadder,full,148,Medicine,model,53,image-led,investigation,yes,no,yes,no,B,,
2025-jan-1-q149,2025,January,1,PrepLadder,full,149,General Surgery,model,43,clinical vignette,diagnosis,no,no,yes,no,B,,
2025-jan-1-q150,2025,January,1,PrepLadder,full,150,Obstetrics & Gynaecology,model,34,clinical vignette,fact recall,no,no,yes,no,B,,
2025-jan-2-q001,2025,January,2,PrepLadder,full,1,Pharmacology,model,30,clinical vignette,management,no,no,yes,no,B,,
2025-jan-2-q002,2025,January,2,PrepLadder,full,2,General Surgery,model,32,clinical vignette,management,no,no,yes,no,A,,
2025-jan-2-q003,2025,January,2,PrepLadder,full,3,Obstetrics & Gynaecology,model,11,one-liner,fact recall,no,no,no,no,B,,
2025-jan-2-q004,2025,January,2,PrepLadder,full,4,Biochemistry,model,36,image-led,diagnosis,yes,no,yes,no,A,,
2025-jan-2-q005,2025,January,2,PrepLadder,full,5,Paediatrics,model,35,image-led,diagnosis,yes,no,yes,no,A,,
2025-jan-2-q006,2025,January,2,PrepLadder,full,6,Medicine,model,13,one-liner,fact recall,no,no,no,no,A,,
2025-jan-2-q007,2025,January,2,PrepLadder,full,7,Forensic Medicine,model,35,clinical vignette,mechanism,no,no,yes,no,A,,
2025-jan-2-q008,2025,January,2,PrepLadder,full,8,Microbiology,model,36,clinical vignette,diagnosis,no,no,yes,no,A,,
2025-jan-2-q009,2025,January,2,PrepLadder,full,9,Pharmacology,model,34,clinical vignette,investigation,no,yes,yes,no,A,,
2025-jan-2-q010,2025,January,2,PrepLadder,full,10,Medicine,model,31,clinical vignette,fact recall,no,no,yes,no,,,
2025-jan-2-q011,2025,January,2,PrepLadder,full,11,Pathology,model,15,clinical vignette,diagnosis,no,no,yes,no,A,,
2025-jan-2-q012,2025,January,2,PrepLadder,full,12,Ophthalmology,model,26,direct (longer),mechanism,no,no,no,no,B,,
2025-jan-2-q013,2025,January,2,PrepLadder,full,13,Medicine,model,31,clinical vignette,diagnosis,no,no,yes,no,A,,
2025-jan-2-q014,2025,January,2,PrepLadder,full,14,Ophthalmology,model,21,clinical vignette,diagnosis,no,no,yes,no,A,,
2025-jan-2-q015,2025,January,2,PrepLadder,full,15,Community Medicine,model,30,clinical vignette,diagnosis,no,no,yes,no,A,,
2025-jan-2-q016,2025,January,2,PrepLadder,full,16,Ophthalmology,model,24,clinical vignette,diagnosis,no,no,yes,no,A,,
2025-jan-2-q017,2025,January,2,PrepLadder,full,17,Microbiology,model,20,clinical vignette,diagnosis,no,no,yes,no,B,,
2025-jan-2-q018,2025,January,2,PrepLadder,full,18,Pharmacology,model,25,clinical vignette,diagnosis,no,no,yes,no,A,,
2025-jan-2-q019,2025,January,2,PrepLadder,full,19,Medicine,model,39,clinical vignette,diagnosis,no,no,yes,no,A,,
2025-jan-2-q020,2025,January,2,PrepLadder,full,20,Community Medicine,model,42,clinical vignette,fact recall,no,no,yes,no,B,,
2025-jan-2-q021,2025,January,2,PrepLadder,full,21,Ophthalmology,model,30,clinical vignette,diagnosis,no,no,yes,no,A,,
2025-jan-2-q022,2025,January,2,PrepLadder,full,22,Ophthalmology,model,28,image-led,investigation,yes,no,yes,no,B,,
2025-jan-2-q023,2025,January,2,PrepLadder,full,23,Medicine,model,20,direct (longer),investigation,no,no,no,no,D,,
2025-jan-2-q024,2025,January,2,PrepLadder,full,24,Ophthalmology,model,24,clinical vignette,management,no,no,yes,no,B,,
2025-jan-2-q025,2025,January,2,PrepLadder,full,25,Ophthalmology,model,21,clinical vignette,diagnosis,no,no,yes,no,A,,
2025-jan-2-q026,2025,January,2,PrepLadder,full,26,Community Medicine,model,33,image-led,management,yes,no,yes,no,A,,
2025-jan-2-q027,2025,January,2,PrepLadder,full,27,General Surgery,model,16,clinical vignette,diagnosis,no,no,yes,no,A,,
2025-jan-2-q028,2025,January,2,PrepLadder,full,28,Pathology,model,25,direct (longer),fact recall,no,no,no,no,D,,
2025-jan-2-q029,2025,January,2,PrepLadder,full,29,Anatomy,model,9,image-led,diagnosis,yes,no,no,no,D,,
2025-jan-2-q030,2025,January,2,PrepLadder,full,30,Microbiology,model,23,clinical vignette,diagnosis,no,no,yes,no,A,,
2025-jan-2-q031,2025,January,2,PrepLadder,full,31,Community Medicine,model,18,direct (longer),fact recall,no,no,no,no,B,,
2025-jan-2-q032,2025,January,2,PrepLadder,full,32,Community Medicine,model,45,clinical vignette,diagnosis,no,no,yes,no,B,,
2025-jan-2-q033,2025,January,2,PrepLadder,full,33,Microbiology,model,25,direct (longer),anatomy,no,no,no,no,C,,
2025-jan-2-q034,2025,January,2,PrepLadder,full,34,Psychiatry,model,34,clinical vignette,diagnosis,no,no,yes,no,A,,
2025-jan-2-q035,2025,January,2,PrepLadder,full,35,Physiology,model,14,one-liner,mechanism,no,no,no,no,A,,
2025-jan-2-q036,2025,January,2,PrepLadder,full,36,Physiology,model,12,one-liner,fact recall,no,no,no,no,A,,
2025-jan-2-q037,2025,January,2,PrepLadder,full,37,Paediatrics,model,26,clinical vignette,calculation,no,no,yes,yes,A,,
2025-jan-2-q038,2025,January,2,PrepLadder,full,38,Pharmacology,model,9,one-liner,mechanism,no,no,no,no,A,,
2025-jan-2-q039,2025,January,2,PrepLadder,full,39,Pathology,model,15,one-liner,diagnosis,no,no,no,no,B,,
2025-jan-2-q040,2025,January,2,PrepLadder,full,40,Anatomy,model,8,image-led,diagnosis,yes,no,no,no,C,,
2025-jan-2-q041,2025,January,2,PrepLadder,full,41,General Surgery,model,18,clinical vignette,diagnosis,no,no,yes,no,A,,
2025-jan-2-q042,2025,January,2,PrepLadder,full,42,Community Medicine,model,36,clinical vignette,management,no,no,yes,no,B,,
2025-jan-2-q043,2025,January,2,PrepLadder,full,43,Pharmacology,model,5,one-liner,fact recall,no,no,no,no,C,,
2025-jan-2-q044,2025,January,2,PrepLadder,full,44,Biochemistry,model,17,clinical vignette,mechanism,no,no,yes,no,A,,
2025-jan-2-q045,2025,January,2,PrepLadder,full,45,Medicine,model,17,clinical vignette,diagnosis,no,no,yes,no,A,,
2025-jan-2-q046,2025,January,2,PrepLadder,full,46,Paediatrics,model,24,clinical vignette,diagnosis,no,no,yes,no,D,,
2025-jan-2-q047,2025,January,2,PrepLadder,full,47,Anatomy,model,9,image-led,diagnosis,yes,no,no,no,C,,
2025-jan-2-q048,2025,January,2,PrepLadder,full,48,Biochemistry,model,56,clinical vignette,mechanism,no,no,yes,no,B,,
2025-jan-2-q049,2025,January,2,PrepLadder,full,49,Biochemistry,model,25,direct (longer),mechanism,no,no,no,no,A,,
2025-jan-2-q050,2025,January,2,PrepLadder,full,50,Biochemistry,model,15,one-liner,investigation,no,no,no,no,A,,
2025-jan-2-q051,2025,January,2,PrepLadder,full,51,Biochemistry,model,16,direct (longer),management,no,no,no,no,C,,
2025-jan-2-q052,2025,January,2,PrepLadder,full,52,Community Medicine,model,11,one-liner,mechanism,no,no,no,no,C,,
2025-jan-2-q053,2025,January,2,PrepLadder,full,53,Obstetrics & Gynaecology,model,7,one-liner,fact recall,no,no,no,no,B,,
2025-jan-2-q054,2025,January,2,PrepLadder,full,54,Medicine,model,35,clinical vignette,diagnosis,no,no,yes,no,A,,
2025-jan-2-q055,2025,January,2,PrepLadder,full,55,Ophthalmology,model,24,direct (longer),mechanism,no,no,no,no,A,,
2025-jan-2-q056,2025,January,2,PrepLadder,full,56,Community Medicine,model,20,clinical vignette,diagnosis,no,no,yes,no,A,,
2025-jan-2-q057,2025,January,2,PrepLadder,full,57,Forensic Medicine,model,12,one-liner,diagnosis,no,no,no,no,C,,
2025-jan-2-q058,2025,January,2,PrepLadder,full,58,Biochemistry,model,25,image-led,diagnosis,yes,no,yes,no,A,,
2025-jan-2-q059,2025,January,2,PrepLadder,full,59,Obstetrics & Gynaecology,model,11,one-liner,fact recall,no,no,no,no,D,,
2025-jan-2-q060,2025,January,2,PrepLadder,full,60,Medicine,model,31,clinical vignette,diagnosis,no,no,yes,no,A,,
2025-jan-2-q061,2025,January,2,PrepLadder,full,61,Community Medicine,model,16,direct (longer),fact recall,no,no,no,no,D,,
2025-jan-2-q062,2025,January,2,PrepLadder,full,62,General Surgery,model,37,clinical vignette,management,no,no,yes,no,B,,
2025-jan-2-q063,2025,January,2,PrepLadder,full,63,Obstetrics & Gynaecology,model,18,clinical vignette,management,no,no,yes,no,B,,
2025-jan-2-q064,2025,January,2,PrepLadder,full,64,General Surgery,model,12,one-liner,investigation,no,no,no,no,A,,
2025-jan-2-q065,2025,January,2,PrepLadder,full,65,Obstetrics & Gynaecology,model,9,one-liner,fact recall,no,no,no,no,A,,
2025-jan-2-q066,2025,January,2,PrepLadder,full,66,General Surgery,model,8,image-led,investigation,yes,no,no,no,A,,
2025-jan-2-q067,2025,January,2,PrepLadder,full,67,Medicine,model,6,one-liner,diagnosis,no,no,no,no,A,,
2025-jan-2-q068,2025,January,2,PrepLadder,full,68,Medicine,model,4,one-liner,diagnosis,no,no,no,no,,,
2025-jan-2-q069,2025,January,2,PrepLadder,full,69,General Surgery,model,23,image-led,diagnosis,yes,no,yes,no,B,,
2025-jan-2-q070,2025,January,2,PrepLadder,full,70,Obstetrics & Gynaecology,model,3,image-led,diagnosis,yes,no,no,no,A,,
2025-jan-2-q071,2025,January,2,PrepLadder,full,71,Orthopaedics,model,26,clinical vignette,diagnosis,no,no,yes,no,A,,
2025-jan-2-q072,2025,January,2,PrepLadder,full,72,Anatomy,model,11,one-liner,investigation,no,no,no,no,A,,
2025-jan-2-q073,2025,January,2,PrepLadder,full,73,Obstetrics & Gynaecology,model,3,image-led,diagnosis,yes,no,no,no,A,,
2025-jan-2-q074,2025,January,2,PrepLadder,full,74,Community Medicine,model,10,one-liner,fact recall,no,no,no,no,A,,
2025-jan-2-q075,2025,January,2,PrepLadder,full,75,Obstetrics & Gynaecology,model,9,one-liner,fact recall,no,no,no,no,A,,
2025-jan-2-q076,2025,January,2,PrepLadder,full,76,Paediatrics,model,30,clinical vignette,investigation,no,no,yes,no,D,,
2025-jan-2-q077,2025,January,2,PrepLadder,full,77,Community Medicine,model,8,one-liner,management,no,no,no,no,B,,
2025-jan-2-q078,2025,January,2,PrepLadder,full,78,General Surgery,model,31,image-led,diagnosis,yes,no,yes,no,B,,
2025-jan-2-q079,2025,January,2,PrepLadder,full,79,Medicine,model,36,image-led,diagnosis,yes,no,yes,no,A,,
2025-jan-2-q080,2025,January,2,PrepLadder,full,80,Community Medicine,model,22,direct (longer),calculation,no,no,no,yes,A,,
2025-jan-2-q081,2025,January,2,PrepLadder,full,81,General Surgery,model,19,clinical vignette,diagnosis,no,no,yes,no,A,,
2025-jan-2-q082,2025,January,2,PrepLadder,full,82,General Surgery,model,11,image-led,fact recall,yes,no,no,no,C,,
2025-jan-2-q083,2025,January,2,PrepLadder,full,83,Pathology,model,42,clinical vignette,diagnosis,no,no,yes,no,C,,
2025-jan-2-q084,2025,January,2,PrepLadder,full,84,Community Medicine,model,20,direct (longer),calculation,no,no,no,yes,A,,
2025-jan-2-q085,2025,January,2,PrepLadder,full,85,Physiology,model,2,one-liner,mechanism,no,no,no,no,A,,
2025-jan-2-q086,2025,January,2,PrepLadder,full,86,ENT,model,17,image-led,diagnosis,yes,no,no,no,A,,
2025-jan-2-q087,2025,January,2,PrepLadder,full,87,Medicine,model,43,clinical vignette,diagnosis,no,no,yes,no,A,,
2025-jan-2-q088,2025,January,2,PrepLadder,full,88,Community Medicine,model,6,one-liner,fact recall,no,no,no,no,B,,
2025-jan-2-q089,2025,January,2,PrepLadder,full,89,Radiology (diagnosis + therapy),model,30,image-led,diagnosis,yes,no,yes,no,A,,
2025-jan-2-q090,2025,January,2,PrepLadder,full,90,Obstetrics & Gynaecology,model,8,image-led,diagnosis,yes,no,no,no,B,,
2025-jan-2-q091,2025,January,2,PrepLadder,full,91,Obstetrics & Gynaecology,model,9,one-liner,fact recall,no,no,no,no,B,,
2025-jan-2-q092,2025,January,2,PrepLadder,full,92,General Surgery,model,24,image-led,diagnosis,yes,no,yes,no,B,,
2025-jan-2-q093,2025,January,2,PrepLadder,full,93,Obstetrics & Gynaecology,model,20,direct (longer),anatomy,no,no,no,no,C,,
2025-jan-2-q094,2025,January,2,PrepLadder,full,94,General Surgery,model,23,clinical vignette,diagnosis,no,no,yes,no,C,,
2025-jan-2-q095,2025,January,2,PrepLadder,full,95,Obstetrics & Gynaecology,model,20,clinical vignette,management,no,no,yes,no,C,,
2025-jan-2-q096,2025,January,2,PrepLadder,full,96,Anatomy,model,12,image-led,diagnosis,yes,no,no,no,B,,
2025-jan-2-q097,2025,January,2,PrepLadder,full,97,Anatomy,model,8,image-led,diagnosis,yes,no,no,no,A,,
2025-jan-2-q098,2025,January,2,PrepLadder,full,98,General Surgery,model,11,image-led,fact recall,yes,no,no,no,B,,
2025-jan-2-q099,2025,January,2,PrepLadder,full,99,Obstetrics & Gynaecology,model,11,one-liner,investigation,no,yes,no,no,B,,
2025-jan-2-q100,2025,January,2,PrepLadder,full,100,General Surgery,model,16,direct (longer),anatomy,no,no,no,no,B,,
2025-jan-2-q101,2025,January,2,PrepLadder,full,101,Community Medicine,model,9,one-liner,fact recall,no,no,no,no,B,,
2025-jan-2-q102,2025,January,2,PrepLadder,full,102,Anatomy,model,5,one-liner,diagnosis,no,no,no,no,A,,
2025-jan-2-q103,2025,January,2,PrepLadder,full,103,Medicine,model,12,one-liner,fact recall,no,no,no,no,A,,
2025-jan-2-q104,2025,January,2,PrepLadder,full,104,Community Medicine,model,33,direct (longer),diagnosis,no,no,no,no,,,
2025-jan-2-q105,2025,January,2,PrepLadder,full,105,Medicine,model,10,one-liner,fact recall,no,no,no,no,C,,
2025-jan-2-q106,2025,January,2,PrepLadder,full,106,Community Medicine,model,14,one-liner,fact recall,no,no,no,no,C,,
2025-jan-2-q107,2025,January,2,PrepLadder,full,107,Medicine,model,20,clinical vignette,diagnosis,no,no,yes,no,A,,
2025-jan-2-q108,2025,January,2,PrepLadder,full,108,Community Medicine,model,17,clinical vignette,management,no,no,yes,no,D,,
2025-jan-2-q109,2025,January,2,PrepLadder,full,109,Medicine,model,12,one-liner,investigation,no,no,no,no,A,,
2025-jan-2-q110,2025,January,2,PrepLadder,full,110,Community Medicine,model,38,direct (longer),investigation,no,no,no,no,C,,
2025-jan-2-q111,2025,January,2,PrepLadder,full,111,Obstetrics & Gynaecology,model,4,image-led,diagnosis,yes,no,no,no,A,,
2025-jan-2-q112,2025,January,2,PrepLadder,full,112,Anatomy,model,11,image-led,diagnosis,yes,no,no,no,B,,
2025-jan-2-q113,2025,January,2,PrepLadder,full,113,General Surgery,model,10,one-liner,management,no,no,no,no,A,,
2025-jan-2-q114,2025,January,2,PrepLadder,full,114,General Surgery,model,27,clinical vignette,diagnosis,no,no,yes,no,A,,
2025-jan-2-q115,2025,January,2,PrepLadder,full,115,General Surgery,model,9,one-liner,fact recall,no,no,no,no,D,,
2025-jan-2-q116,2025,January,2,PrepLadder,full,116,General Surgery,model,21,clinical vignette,fact recall,no,no,yes,no,A,,
2025-jan-2-q117,2025,January,2,PrepLadder,full,117,General Surgery,model,35,clinical vignette,fact recall,no,no,yes,no,D,,
2025-jan-2-q118,2025,January,2,PrepLadder,full,118,Medicine,model,10,clinical vignette,management,no,no,yes,no,D,,
2025-jan-2-q119,2025,January,2,PrepLadder,full,119,Community Medicine,model,14,one-liner,fact recall,no,no,no,no,B,,
2025-jan-2-q120,2025,January,2,PrepLadder,full,120,Community Medicine,model,14,one-liner,investigation,no,no,no,no,B,,
2025-jan-2-q121,2025,January,2,PrepLadder,full,121,Paediatrics,model,19,clinical vignette,diagnosis,no,no,yes,no,B,,
2025-jan-2-q122,2025,January,2,PrepLadder,full,122,General Surgery,model,13,one-liner,mechanism,no,no,no,no,C,,
2025-jan-2-q123,2025,January,2,PrepLadder,full,123,Medicine,model,42,clinical vignette,diagnosis,no,no,yes,no,D,,
2025-jan-2-q124,2025,January,2,PrepLadder,full,124,General Surgery,model,54,clinical vignette,diagnosis,no,no,yes,no,A,,
2025-jan-2-q125,2025,January,2,PrepLadder,full,125,Medicine,model,56,direct (longer),diagnosis,no,no,no,no,B,,
2025-jan-2-q126,2025,January,2,PrepLadder,full,126,General Surgery,model,41,clinical vignette,anatomy,no,no,yes,no,B,,
2025-jan-2-q127,2025,January,2,PrepLadder,full,127,Community Medicine,model,5,one-liner,fact recall,no,no,no,no,A,,
2025-jan-2-q128,2025,January,2,PrepLadder,full,128,General Surgery,model,33,clinical vignette,diagnosis,no,no,yes,no,B,,
2025-jan-2-q129,2025,January,2,PrepLadder,full,129,General Surgery,model,35,clinical vignette,diagnosis,no,no,yes,no,,,
2025-jan-2-q130,2025,January,2,PrepLadder,full,130,General Surgery,model,32,clinical vignette,diagnosis,no,no,yes,no,C,,
2025-jan-2-q131,2025,January,2,PrepLadder,full,131,General Surgery,model,44,clinical vignette,diagnosis,no,no,yes,no,A,,
2025-jan-2-q132,2025,January,2,PrepLadder,full,132,General Surgery,model,28,clinical vignette,management,no,no,yes,no,B,,
2025-jan-2-q133,2025,January,2,PrepLadder,full,133,General Surgery,model,13,one-liner,fact recall,no,no,no,no,B,,
2025-jan-2-q134,2025,January,2,PrepLadder,full,134,Obstetrics & Gynaecology,model,36,clinical vignette,diagnosis,no,no,yes,no,C,,
2025-jan-2-q135,2025,January,2,PrepLadder,full,135,Obstetrics & Gynaecology,model,25,clinical vignette,diagnosis,no,no,yes,no,A,,
2025-jan-2-q136,2025,January,2,PrepLadder,full,136,Obstetrics & Gynaecology,model,38,clinical vignette,fact recall,no,no,yes,no,A,,
2025-jan-2-q137,2025,January,2,PrepLadder,full,137,Obstetrics & Gynaecology,model,40,clinical vignette,investigation,no,no,yes,no,C,,
2025-jan-2-q138,2025,January,2,PrepLadder,full,138,Obstetrics & Gynaecology,model,64,clinical vignette,investigation,no,no,yes,no,D,,
2025-jan-2-q139,2025,January,2,PrepLadder,full,139,Obstetrics & Gynaecology,model,23,direct (longer),management,no,no,no,no,C,,
2025-jan-2-q140,2025,January,2,PrepLadder,full,140,Medicine,model,24,clinical vignette,diagnosis,no,no,yes,no,B,,
2025-jan-2-q141,2025,January,2,PrepLadder,full,141,Medicine,model,23,clinical vignette,diagnosis,no,no,yes,no,A,,
2025-jan-2-q142,2025,January,2,PrepLadder,full,142,Community Medicine,model,10,one-liner,fact recall,no,yes,no,no,B,,
2025-jan-2-q143,2025,January,2,PrepLadder,full,143,Medicine,model,22,clinical vignette,investigation,no,no,yes,no,C,,
2025-jan-2-q144,2025,January,2,PrepLadder,full,144,General Surgery,model,38,clinical vignette,diagnosis,no,no,yes,no,B,,
2025-jan-2-q145,2025,January,2,PrepLadder,full,145,Medicine,model,53,clinical vignette,management,no,no,yes,no,C,,
2025-jan-2-q146,2025,January,2,PrepLadder,full,146,Medicine,model,55,clinical vignette,diagnosis,no,no,yes,no,B,,
2025-jan-2-q147,2025,January,2,PrepLadder,full,147,Medicine,model,46,image-led,management,yes,no,yes,no,D,,
2025-jan-2-q148,2025,January,2,PrepLadder,full,148,Medicine,model,59,clinical vignette,calculation,no,no,yes,yes,B,,
2025-jan-2-q149,2025,January,2,PrepLadder,full,149,Medicine,model,59,clinical vignette,management,no,no,yes,no,D,,
2025-jan-2-q150,2025,January,2,PrepLadder,full,150,Medicine,model,52,clinical vignette,diagnosis,no,no,yes,no,A,,
2025-jul-1-q001,2025,July,1,PrepLadder,full,1,Medicine,model,23,clinical vignette,investigation,no,no,yes,no,A,,
2025-jul-1-q002,2025,July,1,PrepLadder,full,2,Community Medicine,model,25,direct (longer),fact recall,no,no,no,no,A,,
2025-jul-1-q003,2025,July,1,PrepLadder,full,3,Medicine,model,27,clinical vignette,fact recall,no,no,yes,no,C,,
2025-jul-1-q004,2025,July,1,PrepLadder,full,4,Medicine,model,27,image-led,diagnosis,yes,no,yes,no,A,,
2025-jul-1-q005,2025,July,1,PrepLadder,full,5,Community Medicine,model,48,clinical vignette,management,no,no,yes,no,C,,
2025-jul-1-q006,2025,July,1,PrepLadder,full,6,Medicine,model,22,image-led,management,yes,no,yes,no,A,,
2025-jul-1-q007,2025,July,1,PrepLadder,full,7,Medicine,model,23,clinical vignette,investigation,no,no,yes,no,A,,
2025-jul-1-q008,2025,July,1,PrepLadder,full,8,Medicine,model,19,clinical vignette,investigation,no,no,yes,no,C,,
2025-jul-1-q009,2025,July,1,PrepLadder,full,9,General Surgery,model,28,clinical vignette,mechanism,no,no,yes,no,B,,
2025-jul-1-q010,2025,July,1,PrepLadder,full,10,Paediatrics,model,30,clinical vignette,diagnosis,no,no,yes,no,A,,
2025-jul-1-q011,2025,July,1,PrepLadder,full,11,Medicine,model,26,clinical vignette,mechanism,no,no,yes,no,A,,
2025-jul-1-q012,2025,July,1,PrepLadder,full,12,General Surgery,model,34,clinical vignette,diagnosis,no,no,yes,no,D,,
2025-jul-1-q013,2025,July,1,PrepLadder,full,13,Medicine,model,23,clinical vignette,diagnosis,no,no,yes,no,B,,
2025-jul-1-q014,2025,July,1,PrepLadder,full,14,General Surgery,model,25,clinical vignette,mechanism,no,no,yes,no,A,,
2025-jul-1-q015,2025,July,1,PrepLadder,full,15,Community Medicine,model,33,direct (longer),diagnosis,no,no,no,no,B,,
2025-jul-1-q016,2025,July,1,PrepLadder,full,16,Community Medicine,model,51,direct (longer),fact recall,no,no,no,no,B,,
2025-jul-1-q017,2025,July,1,PrepLadder,full,17,Community Medicine,model,20,direct (longer),mechanism,no,no,no,no,B,,
2025-jul-1-q018,2025,July,1,PrepLadder,full,18,Medicine,model,23,clinical vignette,diagnosis,no,no,yes,no,D,,
2025-jul-1-q019,2025,July,1,PrepLadder,full,19,General Surgery,model,32,direct (longer),fact recall,no,yes,no,no,C,,
2025-jul-1-q020,2025,July,1,PrepLadder,full,20,General Surgery,model,16,clinical vignette,management,no,no,yes,no,B,,
2025-jul-1-q021,2025,July,1,PrepLadder,full,21,General Surgery,model,31,clinical vignette,management,no,no,yes,no,B,,
2025-jul-1-q022,2025,July,1,PrepLadder,full,22,General Surgery,model,26,clinical vignette,diagnosis,no,no,yes,no,B,,
2025-jul-1-q023,2025,July,1,PrepLadder,full,23,Medicine,model,22,clinical vignette,management,no,no,yes,no,B,,
2025-jul-1-q024,2025,July,1,PrepLadder,full,24,Medicine,model,20,clinical vignette,management,no,no,yes,no,A,,
2025-jul-1-q025,2025,July,1,PrepLadder,full,25,Medicine,model,27,clinical vignette,management,no,no,yes,no,C,,
2025-jul-1-q026,2025,July,1,PrepLadder,full,26,Medicine,model,24,clinical vignette,diagnosis,no,no,yes,no,B,,
2025-jul-1-q027,2025,July,1,PrepLadder,full,27,Medicine,model,28,clinical vignette,fact recall,no,no,yes,no,D,,
2025-jul-1-q028,2025,July,1,PrepLadder,full,28,Medicine,model,28,clinical vignette,management,no,no,yes,no,A,,
2025-jul-1-q029,2025,July,1,PrepLadder,full,29,Medicine,model,24,clinical vignette,investigation,no,no,yes,no,B,,
2025-jul-1-q030,2025,July,1,PrepLadder,full,30,General Surgery,model,25,clinical vignette,diagnosis,no,no,yes,no,A,,
2025-jul-1-q031,2025,July,1,PrepLadder,full,31,Anaesthesiology,model,26,clinical vignette,diagnosis,no,no,yes,no,A,,
2025-jul-1-q032,2025,July,1,PrepLadder,full,32,General Surgery,model,37,clinical vignette,diagnosis,no,no,yes,no,B,,
2025-jul-1-q033,2025,July,1,PrepLadder,full,33,Medicine,model,17,clinical vignette,management,no,no,yes,no,D,,
2025-jul-1-q034,2025,July,1,PrepLadder,full,34,Medicine,model,16,direct (longer),investigation,no,no,no,no,A,,
2025-jul-1-q035,2025,July,1,PrepLadder,full,35,Biochemistry,model,8,one-liner,investigation,no,no,no,no,B,,
2025-jul-1-q036,2025,July,1,PrepLadder,full,36,Medicine,model,14,clinical vignette,diagnosis,no,no,yes,no,B,,
2025-jul-1-q037,2025,July,1,PrepLadder,full,37,Medicine,model,38,clinical vignette,diagnosis,no,no,yes,no,C,,
2025-jul-1-q038,2025,July,1,PrepLadder,full,38,General Surgery,model,17,clinical vignette,fact recall,no,no,yes,no,A,,
2025-jul-1-q039,2025,July,1,PrepLadder,full,39,Obstetrics & Gynaecology,model,14,clinical vignette,management,no,no,yes,no,C,,
2025-jul-1-q040,2025,July,1,PrepLadder,full,40,Medicine,model,19,direct (longer),management,no,no,no,no,A,,
2025-jul-1-q041,2025,July,1,PrepLadder,full,41,Medicine,model,25,clinical vignette,diagnosis,no,no,yes,no,A,,
2025-jul-1-q042,2025,July,1,PrepLadder,full,42,Community Medicine,model,7,one-liner,management,no,no,no,no,B,,
2025-jul-1-q043,2025,July,1,PrepLadder,full,43,General Surgery,model,10,clinical vignette,diagnosis,no,no,yes,no,A,,
2025-jul-1-q044,2025,July,1,PrepLadder,full,44,Community Medicine,model,7,one-liner,fact recall,no,no,no,no,A,,
2025-jul-1-q045,2025,July,1,PrepLadder,full,45,General Surgery,model,27,clinical vignette,fact recall,no,no,yes,no,B,,
2025-jul-1-q046,2025,July,1,PrepLadder,full,46,Medicine,model,12,one-liner,diagnosis,no,no,no,no,A,,
2025-jul-1-q047,2025,July,1,PrepLadder,full,47,Paediatrics,model,35,clinical vignette,diagnosis,no,no,yes,no,B,,
2025-jul-1-q048,2025,July,1,PrepLadder,full,48,General Surgery,model,30,clinical vignette,diagnosis,no,no,yes,no,A,,
2025-jul-1-q049,2025,July,1,PrepLadder,full,49,Community Medicine,model,7,image-led,investigation,yes,no,no,no,B,,
2025-jul-1-q050,2025,July,1,PrepLadder,full,50,Ophthalmology,model,26,clinical vignette,investigation,no,no,yes,no,A,,
2025-jul-1-q051,2025,July,1,PrepLadder,full,51,Ophthalmology,model,31,image-led,fact recall,yes,no,yes,no,C,,
2025-jul-1-q052,2025,July,1,PrepLadder,full,52,Ophthalmology,model,23,clinical vignette,diagnosis,no,no,yes,no,B,,
2025-jul-1-q053,2025,July,1,PrepLadder,full,53,Ophthalmology,model,30,clinical vignette,diagnosis,no,no,yes,no,A,,
2025-jul-1-q054,2025,July,1,PrepLadder,full,54,Ophthalmology,model,30,clinical vignette,diagnosis,no,no,yes,no,D,,
2025-jul-1-q055,2025,July,1,PrepLadder,full,55,Ophthalmology,model,21,clinical vignette,diagnosis,no,no,yes,no,B,,
2025-jul-1-q056,2025,July,1,PrepLadder,full,56,General Surgery,model,54,clinical vignette,diagnosis,no,no,yes,no,A,,
2025-jul-1-q057,2025,July,1,PrepLadder,full,57,Community Medicine,model,33,clinical vignette,fact recall,no,no,yes,no,A,,
2025-jul-1-q058,2025,July,1,PrepLadder,full,58,Psychiatry,model,41,clinical vignette,diagnosis,no,no,yes,no,A,,
2025-jul-1-q059,2025,July,1,PrepLadder,full,59,General Surgery,model,27,clinical vignette,fact recall,no,no,yes,no,A,,
2025-jul-1-q060,2025,July,1,PrepLadder,full,60,Psychiatry,model,33,clinical vignette,diagnosis,no,no,yes,no,A,,
2025-jul-1-q061,2025,July,1,PrepLadder,full,61,Ophthalmology,model,30,clinical vignette,anatomy,no,no,yes,no,D,,
2025-jul-1-q062,2025,July,1,PrepLadder,full,62,Psychiatry,model,39,direct (longer),diagnosis,no,yes,no,no,A,,
2025-jul-1-q063,2025,July,1,PrepLadder,full,63,Microbiology,model,28,clinical vignette,mechanism,no,no,yes,no,A,,
2025-jul-1-q064,2025,July,1,PrepLadder,full,64,Pharmacology,model,34,clinical vignette,diagnosis,no,no,yes,no,A,,
2025-jul-1-q065,2025,July,1,PrepLadder,full,65,Medicine,model,14,clinical vignette,investigation,no,no,yes,no,B,,
2025-jul-1-q066,2025,July,1,PrepLadder,full,66,Medicine,model,31,clinical vignette,diagnosis,no,no,yes,no,D,,
2025-jul-1-q067,2025,July,1,PrepLadder,full,67,Ophthalmology,model,19,clinical vignette,anatomy,no,no,yes,no,B,,
2025-jul-1-q068,2025,July,1,PrepLadder,full,68,General Surgery,model,13,one-liner,diagnosis,no,no,no,no,A,,
2025-jul-1-q069,2025,July,1,PrepLadder,full,69,Obstetrics & Gynaecology,model,42,clinical vignette,diagnosis,no,no,yes,no,C,,
2025-jul-1-q070,2025,July,1,PrepLadder,full,70,Dermatology,model,18,clinical vignette,diagnosis,no,no,yes,no,A,,
2025-jul-1-q071,2025,July,1,PrepLadder,full,71,Obstetrics & Gynaecology,model,7,image-led,management,yes,no,no,no,A,,
2025-jul-1-q072,2025,July,1,PrepLadder,full,72,Community Medicine,model,12,one-liner,fact recall,no,no,no,no,C,,
2025-jul-1-q073,2025,July,1,PrepLadder,full,73,Paediatrics,model,22,clinical vignette,management,no,no,yes,no,B,,
2025-jul-1-q074,2025,July,1,PrepLadder,full,74,Anatomy,model,20,clinical vignette,diagnosis,no,no,yes,no,D,,
2025-jul-1-q075,2025,July,1,PrepLadder,full,75,Microbiology,model,34,clinical vignette,diagnosis,no,no,yes,no,D,,
2025-jul-1-q076,2025,July,1,PrepLadder,full,76,Obstetrics & Gynaecology,model,6,one-liner,fact recall,no,yes,no,no,A,,
2025-jul-1-q077,2025,July,1,PrepLadder,full,77,Medicine,model,35,image-led,diagnosis,yes,no,yes,no,A,,
2025-jul-1-q078,2025,July,1,PrepLadder,full,78,Community Medicine,model,8,one-liner,fact recall,no,no,no,no,A,,
2025-jul-1-q079,2025,July,1,PrepLadder,full,79,Obstetrics & Gynaecology,model,3,image-led,diagnosis,yes,no,no,no,C,,
2025-jul-1-q080,2025,July,1,PrepLadder,full,80,Medicine,model,32,image-led,diagnosis,yes,no,yes,no,A,,
2025-jul-1-q081,2025,July,1,PrepLadder,full,81,General Surgery,model,16,image-led,investigation,yes,no,no,no,A,,
2025-jul-1-q082,2025,July,1,PrepLadder,full,82,Anatomy,model,16,image-led,diagnosis,yes,no,no,no,A,,
2025-jul-1-q083,2025,July,1,PrepLadder,full,83,Radiology (diagnosis + therapy),model,7,image-led,investigation,yes,no,no,no,A,,
2025-jul-1-q084,2025,July,1,PrepLadder,full,84,Medicine,model,19,image-led,diagnosis,yes,no,no,no,C,,
2025-jul-1-q085,2025,July,1,PrepLadder,full,85,Microbiology,model,10,one-liner,management,no,no,no,no,C,,
2025-jul-1-q086,2025,July,1,PrepLadder,full,86,Anatomy,model,11,one-liner,anatomy,no,no,no,no,A,,
2025-jul-1-q087,2025,July,1,PrepLadder,full,87,Obstetrics & Gynaecology,model,42,clinical vignette,diagnosis,no,no,yes,no,B,,
2025-jul-1-q088,2025,July,1,PrepLadder,full,88,Obstetrics & Gynaecology,model,30,clinical vignette,diagnosis,no,no,yes,no,B,,
2025-jul-1-q089,2025,July,1,PrepLadder,full,89,Obstetrics & Gynaecology,model,28,clinical vignette,management,no,no,yes,no,A,,
2025-jul-1-q090,2025,July,1,PrepLadder,full,90,Community Medicine,model,38,direct (longer),investigation,no,no,no,no,B,,
2025-jul-1-q091,2025,July,1,PrepLadder,full,91,Obstetrics & Gynaecology,model,8,clinical vignette,fact recall,no,no,yes,no,A,,
2025-jul-1-q092,2025,July,1,PrepLadder,full,92,Obstetrics & Gynaecology,model,12,one-liner,investigation,no,no,no,no,D,,
2025-jul-1-q093,2025,July,1,PrepLadder,full,93,Obstetrics & Gynaecology,model,17,direct (longer),management,no,no,no,no,D,,
2025-jul-1-q094,2025,July,1,PrepLadder,full,94,Obstetrics & Gynaecology,model,10,one-liner,investigation,no,no,no,no,B,,
2025-jul-1-q095,2025,July,1,PrepLadder,full,95,Obstetrics & Gynaecology,model,17,direct (longer),diagnosis,no,no,no,no,D,,
2025-jul-1-q096,2025,July,1,PrepLadder,full,96,Obstetrics & Gynaecology,model,3,image-led,diagnosis,yes,no,no,no,A,,
2025-jul-1-q097,2025,July,1,PrepLadder,full,97,Community Medicine,model,15,one-liner,fact recall,no,no,no,no,A,,
2025-jul-1-q098,2025,July,1,PrepLadder,full,98,Obstetrics & Gynaecology,model,27,clinical vignette,diagnosis,no,no,yes,no,B,,
2025-jul-1-q099,2025,July,1,PrepLadder,full,99,Obstetrics & Gynaecology,model,29,clinical vignette,management,no,no,yes,no,D,,
2025-jul-1-q100,2025,July,1,PrepLadder,full,100,General Surgery,model,26,clinical vignette,diagnosis,no,no,yes,no,B,,
2025-jul-1-q101,2025,July,1,PrepLadder,full,101,Community Medicine,model,47,direct (longer),investigation,no,no,no,no,C,,
2025-jul-1-q102,2025,July,1,PrepLadder,full,102,Anatomy,model,15,image-led,diagnosis,yes,no,no,no,C,,
2025-jul-1-q103,2025,July,1,PrepLadder,full,103,Anatomy,model,8,one-liner,mechanism,no,no,no,no,B,,
2025-jul-1-q104,2025,July,1,PrepLadder,full,104,Obstetrics & Gynaecology,model,26,clinical vignette,investigation,no,no,yes,no,B,,
2025-jul-1-q105,2025,July,1,PrepLadder,full,105,Obstetrics & Gynaecology,model,19,clinical vignette,diagnosis,no,no,yes,no,D,,
2025-jul-1-q106,2025,July,1,PrepLadder,full,106,Obstetrics & Gynaecology,model,35,clinical vignette,fact recall,no,no,yes,no,C,,
2025-jul-1-q107,2025,July,1,PrepLadder,full,107,General Surgery,model,25,clinical vignette,diagnosis,no,no,yes,no,D,,
2025-jul-1-q108,2025,July,1,PrepLadder,full,108,General Surgery,model,13,image-led,fact recall,yes,no,no,no,B,,
2025-jul-1-q109,2025,July,1,PrepLadder,full,109,General Surgery,model,31,clinical vignette,diagnosis,no,no,yes,no,C,,
2025-jul-1-q110,2025,July,1,PrepLadder,full,110,General Surgery,model,34,clinical vignette,management,no,no,yes,no,B,,
2025-jul-1-q111,2025,July,1,PrepLadder,full,111,Obstetrics & Gynaecology,model,32,clinical vignette,investigation,no,no,yes,no,B,,
2025-jul-1-q112,2025,July,1,PrepLadder,full,112,General Surgery,model,11,one-liner,management,no,no,no,no,A,,
2025-jul-1-q113,2025,July,1,PrepLadder,full,113,Community Medicine,model,20,direct (longer),management,no,no,no,no,A,,
2025-jul-1-q114,2025,July,1,PrepLadder,full,114,Pathology,model,10,one-liner,diagnosis,no,no,no,no,C,,
2025-jul-1-q115,2025,July,1,PrepLadder,full,115,Obstetrics & Gynaecology,model,5,one-liner,diagnosis,no,no,no,no,D,,
2025-jul-1-q116,2025,July,1,PrepLadder,full,116,General Surgery,model,35,clinical vignette,anatomy,no,no,yes,no,C,,
2025-jul-1-q117,2025,July,1,PrepLadder,full,117,Obstetrics & Gynaecology,model,5,one-liner,diagnosis,no,no,no,no,B,,
2025-jul-1-q118,2025,July,1,PrepLadder,full,118,General Surgery,model,33,direct (longer),fact recall,no,no,no,no,A,,
2025-jul-1-q119,2025,July,1,PrepLadder,full,119,Community Medicine,model,23,image-led,anatomy,yes,no,yes,no,A,,
2025-jul-1-q120,2025,July,1,PrepLadder,full,120,Obstetrics & Gynaecology,model,22,clinical vignette,fact recall,no,no,yes,no,B,,
2025-jul-1-q121,2025,July,1,PrepLadder,full,121,General Surgery,model,39,clinical vignette,diagnosis,no,no,yes,no,D,,
2025-jul-1-q122,2025,July,1,PrepLadder,full,122,Obstetrics & Gynaecology,model,12,one-liner,management,no,no,no,no,B,,
2025-jul-1-q123,2025,July,1,PrepLadder,full,123,Obstetrics & Gynaecology,model,11,one-liner,anatomy,no,no,no,no,C,,
2025-jul-1-q124,2025,July,1,PrepLadder,full,124,General Surgery,model,27,clinical vignette,fact recall,no,no,yes,no,C,,
2025-jul-1-q125,2025,July,1,PrepLadder,full,125,Obstetrics & Gynaecology,model,8,one-liner,investigation,no,no,no,no,A,,
2025-jul-1-q126,2025,July,1,PrepLadder,full,126,Obstetrics & Gynaecology,model,11,one-liner,fact recall,no,no,no,no,D,,
2025-jul-1-q127,2025,July,1,PrepLadder,full,127,General Surgery,model,33,clinical vignette,management,no,no,yes,no,D,,
2025-jul-1-q128,2025,July,1,PrepLadder,full,128,Anatomy,model,16,direct (longer),anatomy,no,no,no,no,B,,
2025-jul-1-q129,2025,July,1,PrepLadder,full,129,Obstetrics & Gynaecology,model,31,clinical vignette,management,no,no,yes,no,B,,
2025-jul-1-q130,2025,July,1,PrepLadder,full,130,General Surgery,model,24,clinical vignette,management,no,no,yes,no,B,,
2025-jul-1-q131,2025,July,1,PrepLadder,full,131,General Surgery,model,26,clinical vignette,fact recall,no,no,yes,no,A,,
2025-jul-1-q132,2025,July,1,PrepLadder,full,132,Medicine,model,40,clinical vignette,diagnosis,no,no,yes,no,B,,
2025-jul-1-q133,2025,July,1,PrepLadder,full,133,General Surgery,model,20,clinical vignette,management,no,no,yes,no,C,,
2025-jul-1-q134,2025,July,1,PrepLadder,full,134,General Surgery,model,44,clinical vignette,management,no,no,yes,no,A,,
2025-jul-1-q135,2025,July,1,PrepLadder,full,135,General Surgery,model,30,clinical vignette,management,no,no,yes,no,A,,
2025-jul-1-q136,2025,July,1,PrepLadder,full,136,General Surgery,model,37,clinical vignette,management,no,no,yes,no,A,,
2025-jul-1-q137,2025,July,1,PrepLadder,full,137,Medicine,model,47,clinical vignette,diagnosis,no,no,yes,no,B,,
2025-jul-1-q138,2025,July,1,PrepLadder,full,138,Medicine,model,25,clinical vignette,management,no,no,yes,no,A,,
2025-jul-1-q139,2025,July,1,PrepLadder,full,139,Orthopaedics,model,20,clinical vignette,management,no,no,yes,no,B,,
2025-jul-1-q140,2025,July,1,PrepLadder,full,140,General Surgery,model,20,clinical vignette,diagnosis,no,no,yes,no,A,,
2025-jul-1-q141,2025,July,1,PrepLadder,full,141,General Surgery,model,6,one-liner,diagnosis,no,no,no,no,A,,
2025-jul-1-q142,2025,July,1,PrepLadder,full,142,Orthopaedics,model,20,clinical vignette,diagnosis,no,no,yes,no,B,,
2025-jul-1-q143,2025,July,1,PrepLadder,full,143,Community Medicine,model,25,clinical vignette,fact recall,no,no,yes,no,B,,
2025-jul-1-q144,2025,July,1,PrepLadder,full,144,Community Medicine,model,32,clinical vignette,diagnosis,no,no,yes,no,C,,
2025-jul-1-q145,2025,July,1,PrepLadder,full,145,General Surgery,model,13,one-liner,anatomy,no,no,no,no,A,,
2025-jul-1-q146,2025,July,1,PrepLadder,full,146,General Surgery,model,11,one-liner,mechanism,no,no,no,no,B,,
2025-jul-1-q147,2025,July,1,PrepLadder,full,147,Medicine,model,31,clinical vignette,diagnosis,no,no,yes,no,B,,
2025-jul-1-q148,2025,July,1,PrepLadder,full,148,Anatomy,model,22,image-led,diagnosis,yes,no,yes,no,B,,
2025-jul-1-q149,2025,July,1,PrepLadder,full,149,Anatomy,model,8,one-liner,investigation,no,no,no,no,A,,
2025-jul-1-q150,2025,July,1,PrepLadder,full,150,Community Medicine,model,24,clinical vignette,diagnosis,no,no,yes,no,B,,
2025-jul-2-q001,2025,July,2,PrepLadder,full,1,Community Medicine,model,29,direct (longer),fact recall,no,no,no,no,A,,
2025-jul-2-q002,2025,July,2,PrepLadder,full,2,General Surgery,model,34,clinical vignette,diagnosis,no,no,yes,no,B,,
2025-jul-2-q003,2025,July,2,PrepLadder,full,3,General Surgery,model,28,clinical vignette,diagnosis,no,no,yes,no,A,,
2025-jul-2-q004,2025,July,2,PrepLadder,full,4,Anatomy,model,11,one-liner,anatomy,no,no,no,no,B,,
2025-jul-2-q005,2025,July,2,PrepLadder,full,5,General Surgery,model,50,direct (longer),diagnosis,no,no,no,no,B,,
2025-jul-2-q006,2025,July,2,PrepLadder,full,6,General Surgery,model,10,one-liner,fact recall,no,no,no,no,B,,
2025-jul-2-q007,2025,July,2,PrepLadder,full,7,Anatomy,model,52,clinical vignette,diagnosis,no,no,yes,no,B,,
2025-jul-2-q008,2025,July,2,PrepLadder,full,8,Medicine,model,26,clinical vignette,diagnosis,no,no,yes,no,C,,
2025-jul-2-q009,2025,July,2,PrepLadder,full,9,Community Medicine,model,24,clinical vignette,diagnosis,no,no,yes,no,D,,
2025-jul-2-q010,2025,July,2,PrepLadder,full,10,ENT,model,10,one-liner,fact recall,no,no,no,no,A,,
2025-jul-2-q011,2025,July,2,PrepLadder,full,11,Community Medicine,model,9,one-liner,fact recall,no,no,no,no,C,,
2025-jul-2-q012,2025,July,2,PrepLadder,full,12,Paediatrics,model,27,clinical vignette,diagnosis,no,no,yes,no,B,,
2025-jul-2-q013,2025,July,2,PrepLadder,full,13,General Surgery,model,9,image-led,anatomy,yes,no,no,no,A,,
2025-jul-2-q014,2025,July,2,PrepLadder,full,14,Forensic Medicine,model,29,clinical vignette,diagnosis,no,no,yes,no,A,,
2025-jul-2-q015,2025,July,2,PrepLadder,full,15,Physiology,model,17,direct (longer),mechanism,no,no,no,no,C,,
2025-jul-2-q016,2025,July,2,PrepLadder,full,16,Pathology,model,27,clinical vignette,anatomy,no,no,yes,no,A,,
2025-jul-2-q017,2025,July,2,PrepLadder,full,17,Forensic Medicine,model,30,direct (longer),diagnosis,no,no,no,no,A,,
2025-jul-2-q018,2025,July,2,PrepLadder,full,18,General Surgery,model,35,image-led,diagnosis,yes,no,yes,no,B,,
2025-jul-2-q019,2025,July,2,PrepLadder,full,19,Anatomy,model,14,one-liner,anatomy,no,no,no,no,B,,
2025-jul-2-q020,2025,July,2,PrepLadder,full,20,Medicine,model,32,clinical vignette,mechanism,no,no,yes,no,C,,
2025-jul-2-q021,2025,July,2,PrepLadder,full,21,Medicine,model,20,clinical vignette,diagnosis,no,no,yes,no,A,,
2025-jul-2-q022,2025,July,2,PrepLadder,full,22,General Surgery,model,38,clinical vignette,diagnosis,no,no,yes,no,B,,
2025-jul-2-q023,2025,July,2,PrepLadder,full,23,General Surgery,model,31,direct (longer),mechanism,no,no,no,no,D,,
2025-jul-2-q024,2025,July,2,PrepLadder,full,24,Medicine,model,17,clinical vignette,diagnosis,no,no,yes,no,C,,
2025-jul-2-q025,2025,July,2,PrepLadder,full,25,Community Medicine,model,9,one-liner,fact recall,no,no,no,no,C,,
2025-jul-2-q026,2025,July,2,PrepLadder,full,26,Microbiology,model,14,one-liner,investigation,no,no,no,no,C,,
2025-jul-2-q027,2025,July,2,PrepLadder,full,27,Pathology,model,19,direct (longer),fact recall,no,no,no,no,A,,
2025-jul-2-q028,2025,July,2,PrepLadder,full,28,Microbiology,model,14,one-liner,fact recall,no,no,no,no,A,,
2025-jul-2-q029,2025,July,2,PrepLadder,full,29,Biochemistry,model,22,clinical vignette,diagnosis,no,no,yes,no,B,,
2025-jul-2-q030,2025,July,2,PrepLadder,full,30,Biochemistry,model,8,one-liner,mechanism,no,no,no,no,A,,
2025-jul-2-q031,2025,July,2,PrepLadder,full,31,General Surgery,model,7,one-liner,fact recall,no,no,no,no,A,,
2025-jul-2-q032,2025,July,2,PrepLadder,full,32,Biochemistry,model,13,one-liner,mechanism,no,no,no,no,A,,
2025-jul-2-q033,2025,July,2,PrepLadder,full,33,General Surgery,model,48,clinical vignette,anatomy,no,no,yes,no,C,,
2025-jul-2-q034,2025,July,2,PrepLadder,full,34,Community Medicine,model,21,clinical vignette,management,no,no,yes,no,A,,
2025-jul-2-q035,2025,July,2,PrepLadder,full,35,Medicine,model,6,one-liner,fact recall,no,no,no,no,A,,
2025-jul-2-q036,2025,July,2,PrepLadder,full,36,Pharmacology,model,8,one-liner,fact recall,no,no,no,no,A,,
2025-jul-2-q037,2025,July,2,PrepLadder,full,37,Biochemistry,model,17,direct (longer),fact recall,no,no,no,no,,,
2025-jul-2-q038,2025,July,2,PrepLadder,full,38,Pathology,model,18,direct (longer),fact recall,no,no,no,no,B,,
2025-jul-2-q039,2025,July,2,PrepLadder,full,39,Pathology,model,56,image-led,diagnosis,yes,no,yes,no,B,,
2025-jul-2-q040,2025,July,2,PrepLadder,full,40,Pathology,model,54,clinical vignette,diagnosis,no,no,yes,no,C,,
2025-jul-2-q041,2025,July,2,PrepLadder,full,41,Obstetrics & Gynaecology,model,14,one-liner,fact recall,no,no,no,no,C,,
2025-jul-2-q042,2025,July,2,PrepLadder,full,42,Community Medicine,model,39,clinical vignette,diagnosis,no,no,yes,no,C,,
2025-jul-2-q043,2025,July,2,PrepLadder,full,43,Community Medicine,model,6,one-liner,fact recall,no,no,no,no,D,,
2025-jul-2-q044,2025,July,2,PrepLadder,full,44,Medicine,model,24,clinical vignette,diagnosis,no,no,yes,no,B,,
2025-jul-2-q045,2025,July,2,PrepLadder,full,45,General Surgery,model,45,clinical vignette,investigation,no,no,yes,no,B,,
2025-jul-2-q046,2025,July,2,PrepLadder,full,46,Community Medicine,model,8,one-liner,fact recall,no,no,no,no,A,,
2025-jul-2-q047,2025,July,2,PrepLadder,full,47,Community Medicine,model,26,direct (longer),management,no,no,no,no,B,,
2025-jul-2-q048,2025,July,2,PrepLadder,full,48,Biochemistry,model,50,clinical vignette,diagnosis,no,no,yes,no,B,,
2025-jul-2-q049,2025,July,2,PrepLadder,full,49,Biochemistry,model,33,clinical vignette,diagnosis,no,no,yes,no,B,,
2025-jul-2-q050,2025,July,2,PrepLadder,full,50,Community Medicine,model,12,one-liner,fact recall,no,no,no,no,C,,
2025-jul-2-q051,2025,July,2,PrepLadder,full,51,Pathology,model,21,clinical vignette,diagnosis,no,no,yes,no,C,,
2025-jul-2-q052,2025,July,2,PrepLadder,full,52,Anatomy,model,10,one-liner,fact recall,no,no,no,no,B,,
2025-jul-2-q053,2025,July,2,PrepLadder,full,53,General Surgery,model,32,clinical vignette,diagnosis,no,no,yes,no,A,,
2025-jul-2-q054,2025,July,2,PrepLadder,full,54,Medicine,model,14,one-liner,mechanism,no,no,no,no,B,,
2025-jul-2-q055,2025,July,2,PrepLadder,full,55,Community Medicine,model,19,direct (longer),fact recall,no,no,no,no,B,,
2025-jul-2-q056,2025,July,2,PrepLadder,full,56,General Surgery,model,26,clinical vignette,diagnosis,no,no,yes,no,A,,
2025-jul-2-q057,2025,July,2,PrepLadder,full,57,Paediatrics,model,25,clinical vignette,calculation,no,no,yes,yes,D,,
2025-jul-2-q058,2025,July,2,PrepLadder,full,58,Medicine,model,39,clinical vignette,management,no,no,yes,no,B,,
2025-jul-2-q059,2025,July,2,PrepLadder,full,59,Medicine,model,27,clinical vignette,management,no,no,yes,no,C,,
2025-jul-2-q060,2025,July,2,PrepLadder,full,60,Physiology,model,22,direct (longer),fact recall,no,no,no,no,D,,
2025-jul-2-q061,2025,July,2,PrepLadder,full,61,General Surgery,model,39,clinical vignette,fact recall,no,no,yes,no,A,,
2025-jul-2-q062,2025,July,2,PrepLadder,full,62,Community Medicine,model,37,clinical vignette,fact recall,no,no,yes,no,C,,
2025-jul-2-q063,2025,July,2,PrepLadder,full,63,Medicine,model,33,clinical vignette,management,no,no,yes,no,B,,
2025-jul-2-q064,2025,July,2,PrepLadder,full,64,Pharmacology,model,25,clinical vignette,fact recall,no,no,yes,no,D,,
2025-jul-2-q065,2025,July,2,PrepLadder,full,65,General Surgery,model,27,clinical vignette,management,no,no,yes,no,A,,
2025-jul-2-q066,2025,July,2,PrepLadder,full,66,Pharmacology,model,17,direct (longer),management,no,no,no,no,D,,
2025-jul-2-q067,2025,July,2,PrepLadder,full,67,Medicine,model,38,clinical vignette,management,no,no,yes,no,A,,
2025-jul-2-q068,2025,July,2,PrepLadder,full,68,Pharmacology,model,33,clinical vignette,diagnosis,no,no,yes,no,A,,
2025-jul-2-q069,2025,July,2,PrepLadder,full,69,Forensic Medicine,model,39,direct (longer),diagnosis,no,no,no,no,B,,
2025-jul-2-q070,2025,July,2,PrepLadder,full,70,Pharmacology,model,27,image-led,management,yes,no,yes,no,A,,
2025-jul-2-q071,2025,July,2,PrepLadder,full,71,General Surgery,model,38,image-led,diagnosis,yes,no,yes,no,C,,
2025-jul-2-q072,2025,July,2,PrepLadder,full,72,Pharmacology,model,31,clinical vignette,diagnosis,no,no,yes,no,A,,
2025-jul-2-q073,2025,July,2,PrepLadder,full,73,Pharmacology,model,15,clinical vignette,management,no,no,yes,no,B,,
2025-jul-2-q074,2025,July,2,PrepLadder,full,74,Obstetrics & Gynaecology,model,23,clinical vignette,fact recall,no,no,yes,no,C,,
2025-jul-2-q075,2025,July,2,PrepLadder,full,75,Pharmacology,model,11,one-liner,mechanism,no,no,no,no,,,
2025-jul-2-q076,2025,July,2,PrepLadder,full,76,Pharmacology,model,30,clinical vignette,management,no,no,yes,no,B,,
2025-jul-2-q077,2025,July,2,PrepLadder,full,77,Forensic Medicine,model,19,clinical vignette,management,no,no,yes,no,C,,
2025-jul-2-q078,2025,July,2,PrepLadder,full,78,Pharmacology,model,6,one-liner,mechanism,no,no,no,no,B,,
2025-jul-2-q079,2025,July,2,PrepLadder,full,79,Pharmacology,model,34,clinical vignette,management,no,no,yes,no,B,,
2025-jul-2-q080,2025,July,2,PrepLadder,full,80,Medicine,model,25,clinical vignette,investigation,no,no,yes,no,A,,
2025-jul-2-q081,2025,July,2,PrepLadder,full,81,Anatomy,model,29,clinical vignette,diagnosis,no,no,yes,no,C,,
2025-jul-2-q082,2025,July,2,PrepLadder,full,82,General Surgery,model,9,image-led,fact recall,yes,no,no,no,C,,
2025-jul-2-q083,2025,July,2,PrepLadder,full,83,Pathology,model,17,direct (longer),fact recall,no,no,no,no,D,,
2025-jul-2-q084,2025,July,2,PrepLadder,full,84,Anatomy,model,32,clinical vignette,diagnosis,no,no,yes,no,A,,
2025-jul-2-q085,2025,July,2,PrepLadder,full,85,ENT,model,30,image-led,diagnosis,yes,no,no,no,B,,
2025-jul-2-q086,2025,July,2,PrepLadder,full,86,ENT,model,20,clinical vignette,diagnosis,no,no,yes,no,A,,
2025-jul-2-q087,2025,July,2,PrepLadder,full,87,Medicine,model,26,clinical vignette,investigation,no,no,yes,no,C,,
2025-jul-2-q088,2025,July,2,PrepLadder,full,88,ENT,model,42,clinical vignette,diagnosis,no,no,yes,no,C,,
2025-jul-2-q089,2025,July,2,PrepLadder,full,89,ENT,model,28,image-led,diagnosis,yes,no,yes,no,D,,
2025-jul-2-q090,2025,July,2,PrepLadder,full,90,General Surgery,model,29,image-led,diagnosis,yes,no,no,no,C,,
2025-jul-2-q091,2025,July,2,PrepLadder,full,91,ENT,model,10,one-liner,investigation,no,yes,no,no,D,,
2025-jul-2-q092,2025,July,2,PrepLadder,full,92,Microbiology,model,28,clinical vignette,diagnosis,no,no,yes,no,C,,
2025-jul-2-q093,2025,July,2,PrepLadder,full,93,Medicine,model,35,clinical vignette,management,no,no,yes,no,B,,
2025-jul-2-q094,2025,July,2,PrepLadder,full,94,Microbiology,model,37,clinical vignette,investigation,no,no,yes,no,B,,
2025-jul-2-q095,2025,July,2,PrepLadder,full,95,Community Medicine,model,14,one-liner,mechanism,no,no,no,no,B,,
2025-jul-2-q096,2025,July,2,PrepLadder,full,96,Microbiology,model,34,clinical vignette,diagnosis,no,no,yes,no,C,,
2025-jul-2-q097,2025,July,2,PrepLadder,full,97,Medicine,model,27,clinical vignette,diagnosis,no,no,yes,no,B,,
2025-jul-2-q098,2025,July,2,PrepLadder,full,98,Microbiology,model,13,one-liner,mechanism,no,no,no,no,B,,
2025-jul-2-q099,2025,July,2,PrepLadder,full,99,Microbiology,model,14,one-liner,diagnosis,no,no,no,no,B,,
2025-jul-2-q100,2025,July,2,PrepLadder,full,100,Microbiology,model,27,image-led,diagnosis,yes,no,yes,no,C,,
2025-jul-2-q101,2025,July,2,PrepLadder,full,101,Microbiology,model,25,clinical vignette,diagnosis,no,no,yes,no,D,,
2025-jul-2-q102,2025,July,2,PrepLadder,full,102,General Surgery,model,11,one-liner,diagnosis,no,no,no,no,B,,
2025-jul-2-q103,2025,July,2,PrepLadder,full,103,Microbiology,model,9,one-liner,diagnosis,no,no,no,no,C,,
2025-jul-2-q104,2025,July,2,PrepLadder,full,104,Community Medicine,model,25,clinical vignette,diagnosis,no,no,yes,no,B,,
2025-jul-2-q105,2025,July,2,PrepLadder,full,105,Microbiology,model,17,image-led,fact recall,yes,no,yes,no,A,,
2025-jul-2-q106,2025,July,2,PrepLadder,full,106,Medicine,model,22,clinical vignette,diagnosis,no,no,yes,no,C,,
2025-jul-2-q107,2025,July,2,PrepLadder,full,107,General Surgery,model,62,clinical vignette,investigation,no,no,yes,no,C,,
2025-jul-2-q108,2025,July,2,PrepLadder,full,108,General Surgery,model,15,one-liner,fact recall,no,no,no,no,C,,
2025-jul-2-q109,2025,July,2,PrepLadder,full,109,General Surgery,model,19,direct (longer),diagnosis,no,no,no,no,B,,
2025-jul-2-q110,2025,July,2,PrepLadder,full,110,ENT,model,51,clinical vignette,diagnosis,no,no,yes,no,C,,
2025-jul-2-q111,2025,July,2,PrepLadder,full,111,Community Medicine,model,23,direct (longer),diagnosis,no,no,no,no,C,,
2025-jul-2-q112,2025,July,2,PrepLadder,full,112,Anatomy,model,15,one-liner,anatomy,no,no,no,no,B,,
2025-jul-2-q113,2025,July,2,PrepLadder,full,113,Community Medicine,model,10,one-liner,fact recall,no,no,no,no,B,,
2025-jul-2-q114,2025,July,2,PrepLadder,full,114,Obstetrics & Gynaecology,model,20,image-led,diagnosis,yes,no,yes,no,C,,
2025-jul-2-q115,2025,July,2,PrepLadder,full,115,Pathology,model,16,direct (longer),investigation,no,no,no,no,B,,
2025-jul-2-q116,2025,July,2,PrepLadder,full,116,Community Medicine,model,21,direct (longer),management,no,no,no,no,B,,
2025-jul-2-q117,2025,July,2,PrepLadder,full,117,Paediatrics,model,38,clinical vignette,diagnosis,no,no,yes,no,A,,
2025-jul-2-q118,2025,July,2,PrepLadder,full,118,Medicine,model,33,clinical vignette,management,no,no,yes,no,C,,
2025-jul-2-q119,2025,July,2,PrepLadder,full,119,Pathology,model,17,direct (longer),mechanism,no,no,no,no,C,,
2025-jul-2-q120,2025,July,2,PrepLadder,full,120,Medicine,model,42,clinical vignette,diagnosis,no,no,yes,no,A,,
2025-jul-2-q121,2025,July,2,PrepLadder,full,121,Medicine,model,29,clinical vignette,calculation,no,no,yes,yes,B,,
2025-jul-2-q122,2025,July,2,PrepLadder,full,122,Pathology,model,12,one-liner,investigation,no,no,no,no,B,,
2025-jul-2-q123,2025,July,2,PrepLadder,full,123,Pathology,model,16,direct (longer),diagnosis,no,no,no,no,C,,
2025-jul-2-q124,2025,July,2,PrepLadder,full,124,Medicine,model,11,one-liner,diagnosis,no,no,no,no,B,,
2025-jul-2-q125,2025,July,2,PrepLadder,full,125,Pathology,model,28,clinical vignette,diagnosis,no,no,yes,no,B,,
2025-jul-2-q126,2025,July,2,PrepLadder,full,126,Medicine,model,25,clinical vignette,mechanism,no,no,yes,no,A,,
2025-jul-2-q127,2025,July,2,PrepLadder,full,127,Ophthalmology,model,13,one-liner,investigation,no,no,no,no,A,,
2025-jul-2-q128,2025,July,2,PrepLadder,full,128,Medicine,model,44,clinical vignette,management,no,no,yes,no,A,,
2025-jul-2-q129,2025,July,2,PrepLadder,full,129,Community Medicine,model,50,direct (longer),calculation,no,no,no,yes,A,,
2025-jul-2-q130,2025,July,2,PrepLadder,full,130,Paediatrics,model,41,image-led,diagnosis,yes,no,yes,no,A,,
2025-jul-2-q131,2025,July,2,PrepLadder,full,131,Community Medicine,model,16,clinical vignette,management,no,no,yes,no,B,,
2025-jul-2-q132,2025,July,2,PrepLadder,full,132,Community Medicine,model,13,one-liner,fact recall,no,no,no,no,B,,
2025-jul-2-q133,2025,July,2,PrepLadder,full,133,General Surgery,model,37,clinical vignette,calculation,no,no,yes,yes,A,,
2025-jul-2-q134,2025,July,2,PrepLadder,full,134,Medicine,model,30,clinical vignette,diagnosis,no,no,yes,no,A,,
2025-jul-2-q135,2025,July,2,PrepLadder,full,135,General Surgery,model,38,direct (longer),mechanism,no,no,no,no,B,,
2025-jul-2-q136,2025,July,2,PrepLadder,full,136,Medicine,model,30,clinical vignette,investigation,no,no,yes,no,A,,
2025-jul-2-q137,2025,July,2,PrepLadder,full,137,General Surgery,model,57,clinical vignette,management,no,no,yes,no,D,,
2025-jul-2-q138,2025,July,2,PrepLadder,full,138,Medicine,model,43,clinical vignette,diagnosis,no,no,yes,no,C,,
2025-jul-2-q139,2025,July,2,PrepLadder,full,139,General Surgery,model,24,clinical vignette,diagnosis,no,no,yes,no,B,,
2025-jul-2-q140,2025,July,2,PrepLadder,full,140,Community Medicine,model,28,clinical vignette,management,no,no,yes,no,A,,
2025-jul-2-q141,2025,July,2,PrepLadder,full,141,Community Medicine,model,28,direct (longer),fact recall,no,no,no,no,A,,
2025-jul-2-q142,2025,July,2,PrepLadder,full,142,Community Medicine,model,15,one-liner,management,no,no,no,no,A,,
2025-jul-2-q143,2025,July,2,PrepLadder,full,143,Medicine,model,37,direct (longer),calculation,no,no,no,yes,A,,
2025-jul-2-q144,2025,July,2,PrepLadder,full,144,Community Medicine,model,30,direct (longer),diagnosis,no,no,no,no,C,,
2025-jul-2-q145,2025,July,2,PrepLadder,full,145,Community Medicine,model,26,direct (longer),fact recall,no,no,no,no,A,,
2025-jul-2-q146,2025,July,2,PrepLadder,full,146,Community Medicine,model,36,direct (longer),diagnosis,no,no,no,no,B,,
2025-jul-2-q147,2025,July,2,PrepLadder,full,147,Paediatrics,model,26,clinical vignette,diagnosis,no,no,yes,no,D,,
2025-jul-2-q148,2025,July,2,PrepLadder,full,148,Community Medicine,model,13,one-liner,management,no,no,no,no,A,,
2025-jul-2-q149,2025,July,2,PrepLadder,full,149,Community Medicine,model,36,direct (longer),investigation,no,no,no,no,C,,
2025-jul-2-q150,2025,July,2,PrepLadder,full,150,Community Medicine,model,36,direct (longer),diagnosis,no,no,no,no,B,,
fp-2021-jun-1-582,2021,June,1,FMGEPrep,sample,1,ENT,model,41,clinical vignette,anatomy,no,no,yes,no,B,,
fp-2021-jun-1-32483,2021,June,1,FMGEPrep,sample,1,General Surgery,model,42,image-led,diagnosis,yes,no,yes,no,B,,
fp-2021-jun-1-32484,2021,June,1,FMGEPrep,sample,1,Physiology,model,33,direct (longer),mechanism,no,no,no,no,B,,
fp-2021-jun-1-32485,2021,June,1,FMGEPrep,sample,1,Obstetrics & Gynaecology,model,23,image-led,diagnosis,yes,no,no,no,C,,
fp-2021-jun-1-32486,2021,June,1,FMGEPrep,sample,1,Physiology,model,23,direct (longer),mechanism,no,no,no,no,C,,
fp-2021-jun-1-32487,2021,June,1,FMGEPrep,sample,1,Physiology,model,23,direct (longer),fact recall,no,no,no,no,C,,
fp-2021-jun-1-32488,2021,June,1,FMGEPrep,sample,1,General Surgery,model,27,image-led,diagnosis,yes,no,no,no,C,,
fp-2021-jun-1-32489,2021,June,1,FMGEPrep,sample,1,General Surgery,model,31,direct (longer),diagnosis,no,no,no,no,B,,
fp-2021-jun-1-32490,2021,June,1,FMGEPrep,sample,1,Biochemistry,model,38,direct (longer),fact recall,no,no,no,no,C,,
fp-2021-jun-1-32491,2021,June,1,FMGEPrep,sample,1,Biochemistry,model,51,clinical vignette,diagnosis,no,no,yes,no,B,,
fp-2021-jun-2-2041,2021,June,2,FMGEPrep,sample,1,General Surgery,model,48,clinical vignette,diagnosis,no,no,yes,no,C,,
fp-2021-jun-2-32497,2021,June,2,FMGEPrep,sample,1,General Surgery,model,33,clinical vignette,diagnosis,no,no,yes,no,D,,
fp-2021-jun-2-32498,2021,June,2,FMGEPrep,sample,1,Orthopaedics,model,56,image-led,diagnosis,yes,no,yes,no,C,,
fp-2021-jun-2-32499,2021,June,2,FMGEPrep,sample,1,General Surgery,model,43,clinical vignette,diagnosis,no,no,yes,no,C,,
fp-2021-jun-2-32500,2021,June,2,FMGEPrep,sample,1,General Surgery,model,25,direct (longer),mechanism,no,no,no,no,A,,
fp-2021-jun-2-32501,2021,June,2,FMGEPrep,sample,1,Medicine,model,40,clinical vignette,investigation,no,no,yes,no,C,,
fp-2021-jun-2-32502,2021,June,2,FMGEPrep,sample,1,Biochemistry,model,21,clinical vignette,investigation,no,no,yes,no,B,,
fp-2021-jun-2-32503,2021,June,2,FMGEPrep,sample,1,General Surgery,model,39,direct (longer),fact recall,no,no,no,no,D,,
fp-2021-jun-2-32504,2021,June,2,FMGEPrep,sample,1,General Surgery,model,28,direct (longer),fact recall,no,no,no,no,A,,
fp-2021-jun-2-32505,2021,June,2,FMGEPrep,sample,1,General Surgery,model,30,direct (longer),mechanism,no,no,no,no,D,,
fp-2021-dec-1-776,2021,December,1,FMGEPrep,sample,1,Biochemistry,model,12,one-liner,investigation,no,no,no,no,D,,
fp-2021-dec-1-32763,2021,December,1,FMGEPrep,sample,1,Physiology,model,66,image-led,diagnosis,yes,no,yes,no,C,,
fp-2021-dec-1-32764,2021,December,1,FMGEPrep,sample,1,Obstetrics & Gynaecology,model,34,direct (longer),fact recall,no,no,no,no,D,,
fp-2021-dec-1-32765,2021,December,1,FMGEPrep,sample,1,General Surgery,model,33,clinical vignette,fact recall,no,no,yes,no,B,,
fp-2021-dec-1-32766,2021,December,1,FMGEPrep,sample,1,Biochemistry,model,28,direct (longer),fact recall,no,no,no,no,D,,
fp-2021-dec-1-32767,2021,December,1,FMGEPrep,sample,1,Community Medicine,model,29,direct (longer),fact recall,no,no,no,no,C,,
fp-2021-dec-1-32768,2021,December,1,FMGEPrep,sample,1,Obstetrics & Gynaecology,model,12,one-liner,fact recall,no,yes,no,no,B,,
fp-2021-dec-1-32770,2021,December,1,FMGEPrep,sample,1,Orthopaedics,model,80,clinical vignette,diagnosis,no,no,yes,no,C,,
fp-2021-dec-1-32771,2021,December,1,FMGEPrep,sample,1,Orthopaedics,model,42,image-led,diagnosis,yes,no,yes,no,B,,
fp-2021-dec-1-32772,2021,December,1,FMGEPrep,sample,1,Orthopaedics,model,76,image-led,investigation,yes,no,yes,no,B,,
fp-2021-dec-2-2078,2021,December,2,FMGEPrep,sample,1,Medicine,model,26,clinical vignette,management,no,no,yes,no,A,2021-dec-full-q147,
fp-2021-dec-2-32807,2021,December,2,FMGEPrep,sample,1,General Surgery,model,33,clinical vignette,diagnosis,no,no,yes,no,B,,
fp-2021-dec-2-32808,2021,December,2,FMGEPrep,sample,1,Community Medicine,model,17,direct (longer),fact recall,no,no,no,no,B,,
fp-2021-dec-2-32809,2021,December,2,FMGEPrep,sample,1,Anaesthesiology,model,33,image-led,management,yes,no,yes,no,D,,
fp-2021-dec-2-32810,2021,December,2,FMGEPrep,sample,1,Community Medicine,model,19,direct (longer),mechanism,no,no,no,no,C,,
fp-2021-dec-2-32811,2021,December,2,FMGEPrep,sample,1,Microbiology,model,53,image-led,diagnosis,yes,no,yes,no,B,,
fp-2021-dec-2-32812,2021,December,2,FMGEPrep,sample,1,Anaesthesiology,model,31,image-led,management,yes,no,yes,no,B,,
fp-2021-dec-2-32813,2021,December,2,FMGEPrep,sample,1,Community Medicine,model,50,direct (longer),fact recall,no,no,no,no,A,,
fp-2021-dec-2-32814,2021,December,2,FMGEPrep,sample,1,Community Medicine,model,15,one-liner,anatomy,no,no,no,no,B,,
fp-2021-dec-2-32815,2021,December,2,FMGEPrep,sample,1,Anaesthesiology,model,29,clinical vignette,management,no,no,yes,no,A,,
fp-2022-jun-1-1389,2022,June,1,FMGEPrep,sample,1,Forensic Medicine,model,43,clinical vignette,calculation,no,no,yes,yes,D,2022-jun-full-q163,
fp-2022-jun-1-681,2022,June,1,FMGEPrep,sample,2,Medicine,model,49,image-led,investigation,yes,no,yes,no,C,,
fp-2022-jun-1-688,2022,June,1,FMGEPrep,sample,3,Community Medicine,model,58,direct (longer),fact recall,no,no,no,no,B,,
fp-2022-jun-1-1105,2022,June,1,FMGEPrep,sample,4,Microbiology,model,12,one-liner,fact recall,no,no,no,no,A,2022-jun-full-q300,
fp-2022-jun-1-1855,2022,June,1,FMGEPrep,sample,5,Community Medicine,model,47,direct (longer),fact recall,no,no,no,no,A,,
fp-2022-jun-1-1850,2022,June,1,FMGEPrep,sample,6,Community Medicine,model,12,one-liner,diagnosis,no,no,no,no,B,2022-jun-full-q171,
fp-2022-jun-1-1382,2022,June,1,FMGEPrep,sample,7,Forensic Medicine,model,31,clinical vignette,fact recall,no,no,yes,no,C,2022-jun-full-q147,
fp-2022-jun-1-1851,2022,June,1,FMGEPrep,sample,9,Community Medicine,model,15,one-liner,fact recall,no,yes,no,no,B,2022-jun-full-q172,
fp-2022-jun-1-1505,2022,June,1,FMGEPrep,sample,10,ENT,model,9,one-liner,fact recall,no,no,no,no,B,2022-jun-full-q164,
fp-2022-jun-1-1388,2022,June,1,FMGEPrep,sample,11,Forensic Medicine,model,16,direct (longer),fact recall,no,no,no,no,B,2022-jun-full-q162,
fp-2022-jun-2-2858,2022,June,2,FMGEPrep,sample,1,Paediatrics,model,47,clinical vignette,diagnosis,no,no,yes,no,A,2022-jun-full-q217,
fp-2022-jun-2-2671,2022,June,2,FMGEPrep,sample,2,Obstetrics & Gynaecology,model,33,image-led,diagnosis,yes,no,yes,no,C,2022-jun-full-q024,
fp-2022-jun-2-3121,2022,June,2,FMGEPrep,sample,3,Anaesthesiology,model,39,clinical vignette,management,no,no,yes,no,B,2022-jun-full-q117,
fp-2022-jun-2-2399,2022,June,2,FMGEPrep,sample,4,General Surgery,model,12,image-led,investigation,yes,no,no,no,B,2022-jun-full-q133,
fp-2022-jun-2-2110,2022,June,2,FMGEPrep,sample,5,Medicine,model,10,image-led,diagnosis,yes,no,no,no,C,2022-jun-full-q282,
fp-2022-jun-2-3005,2022,June,2,FMGEPrep,sample,6,Obstetrics & Gynaecology,model,22,image-led,fact recall,yes,no,yes,no,B,,
fp-2022-jun-2-2389,2022,June,2,FMGEPrep,sample,7,General Surgery,model,26,clinical vignette,management,no,no,yes,no,B,2022-jun-full-q103,
fp-2022-jun-2-2391,2022,June,2,FMGEPrep,sample,8,General Surgery,model,16,direct (longer),fact recall,no,no,no,no,D,2022-jun-full-q107,
fp-2022-jun-2-3120,2022,June,2,FMGEPrep,sample,9,Anaesthesiology,model,18,direct (longer),fact recall,no,no,no,no,C,,
fp-2022-jun-2-2683,2022,June,2,FMGEPrep,sample,10,Obstetrics & Gynaecology,model,8,one-liner,fact recall,no,no,no,no,D,2022-jun-full-q046,
fp-2023-jan-1-1390,2023,January,1,FMGEPrep,sample,2,Forensic Medicine,model,14,one-liner,investigation,no,yes,no,no,A,2023-jan-full-q137,
fp-2023-jan-1-1511,2023,January,1,FMGEPrep,sample,3,ENT,model,13,image-led,fact recall,yes,no,no,no,D,,
fp-2023-jan-1-1521,2023,January,1,FMGEPrep,sample,4,ENT,model,25,clinical vignette,diagnosis,no,no,yes,no,C,,
fp-2023-jan-1-792,2023,January,1,FMGEPrep,sample,5,Biochemistry,model,27,direct (longer),fact recall,no,no,no,no,A,,
fp-2023-jan-1-695,2023,January,1,FMGEPrep,sample,6,Physiology,model,44,direct (longer),investigation,no,no,no,no,B,,
fp-2023-jan-1-1126,2023,January,1,FMGEPrep,sample,7,Microbiology,model,16,direct (longer),diagnosis,no,no,no,no,A,2023-jan-full-q047,
fp-2023-jan-1-1121,2023,January,1,FMGEPrep,sample,8,Microbiology,model,11,one-liner,fact recall,no,no,no,no,C,,
fp-2023-jan-1-697,2023,January,1,FMGEPrep,sample,9,Physiology,model,49,direct (longer),fact recall,no,no,no,no,B,,
fp-2023-jan-1-1877,2023,January,1,FMGEPrep,sample,10,Community Medicine,model,27,clinical vignette,fact recall,no,no,yes,no,B,2023-jan-full-q113,
fp-2023-jan-1-803,2023,January,1,FMGEPrep,sample,11,Biochemistry,model,16,direct (longer),mechanism,no,no,no,no,D,,
fp-2023-jan-2-3125,2023,January,2,FMGEPrep,sample,1,Anaesthesiology,model,21,image-led,fact recall,yes,no,no,no,D,,
fp-2023-jan-2-2876,2023,January,2,FMGEPrep,sample,2,Paediatrics,model,32,clinical vignette,diagnosis,no,no,yes,no,A,2023-jan-full-q185,
fp-2023-jan-2-2875,2023,January,2,FMGEPrep,sample,3,Paediatrics,model,4,one-liner,fact recall,no,no,no,no,A,2023-jan-full-q183,
fp-2023-jan-2-2442,2023,January,2,FMGEPrep,sample,4,General Surgery,model,14,one-liner,fact recall,no,yes,no,no,A,2023-jan-full-q166,
fp-2023-jan-2-1895,2023,January,2,FMGEPrep,sample,5,Community Medicine,model,14,one-liner,fact recall,no,no,no,no,A,2023-jan-full-q174,
fp-2023-jan-2-2411,2023,January,2,FMGEPrep,sample,6,General Surgery,model,34,clinical vignette,investigation,no,no,yes,no,D,2023-jan-full-q189,
fp-2023-jan-2-3071,2023,January,2,FMGEPrep,sample,7,Radiology (diagnosis + therapy),model,16,direct (longer),diagnosis,no,no,no,no,C,,
fp-2023-jan-2-2951,2023,January,2,FMGEPrep,sample,8,Dermatology,model,23,image-led,diagnosis,yes,no,yes,no,D,,
fp-2023-jan-2-2138,2023,January,2,FMGEPrep,sample,9,Medicine,model,13,clinical vignette,mechanism,no,no,yes,no,D,2023-jan-full-q199,
fp-2023-jan-2-2953,2023,January,2,FMGEPrep,sample,10,Dermatology,model,29,image-led,diagnosis,yes,no,yes,no,A,2023-jan-full-q109,
fp-2023-jul-1-1284,2023,July,1,FMGEPrep,sample,1,Pharmacology,model,29,clinical vignette,mechanism,no,no,yes,no,B,,
fp-2023-jul-1-812,2023,July,1,FMGEPrep,sample,2,Biochemistry,model,10,clinical vignette,fact recall,no,no,yes,no,B,,
fp-2023-jul-1-32992,2023,July,1,FMGEPrep,sample,3,Medicine,model,70,clinical vignette,diagnosis,no,no,yes,no,D,,
fp-2023-jul-1-983,2023,July,1,FMGEPrep,sample,4,Pathology,model,33,clinical vignette,investigation,no,no,yes,no,A,,
fp-2023-jul-1-32991,2023,July,1,FMGEPrep,sample,5,General Surgery,model,29,image-led,diagnosis,yes,no,no,no,B,,
fp-2023-jul-1-993,2023,July,1,FMGEPrep,sample,6,Anatomy,model,16,direct (longer),fact recall,no,no,no,no,A,,
fp-2023-jul-1-714,2023,July,1,FMGEPrep,sample,7,Biochemistry,model,35,clinical vignette,mechanism,no,no,yes,no,D,,
fp-2023-jul-1-805,2023,July,1,FMGEPrep,sample,8,Biochemistry,model,19,direct (longer),fact recall,no,no,no,no,B,,
fp-2023-jul-1-708,2023,July,1,FMGEPrep,sample,9,Biochemistry,model,33,direct (longer),anatomy,no,no,no,no,B,,
fp-2023-jul-1-623,2023,July,1,FMGEPrep,sample,10,Obstetrics & Gynaecology,model,25,direct (longer),fact recall,no,no,no,no,B,,
fp-2023-jul-2-2467,2023,July,2,FMGEPrep,sample,1,General Surgery,model,28,clinical vignette,fact recall,no,no,yes,no,B,,
fp-2023-jul-2-33027,2023,July,2,FMGEPrep,sample,1,Community Medicine,model,50,clinical vignette,fact recall,no,no,yes,no,B,,
fp-2023-jul-2-2476,2023,July,2,FMGEPrep,sample,2,General Surgery,model,45,image-led,diagnosis,yes,no,yes,no,B,,
fp-2023-jul-2-2147,2023,July,2,FMGEPrep,sample,3,Medicine,model,66,clinical vignette,diagnosis,no,no,yes,no,C,,
fp-2023-jul-2-33024,2023,July,2,FMGEPrep,sample,4,Medicine,model,34,direct (longer),investigation,no,no,no,no,B,,
fp-2023-jul-2-2470,2023,July,2,FMGEPrep,sample,5,General Surgery,model,15,clinical vignette,management,no,no,yes,no,B,,
fp-2023-jul-2-2148,2023,July,2,FMGEPrep,sample,6,Physiology,model,12,one-liner,diagnosis,no,yes,no,no,A,,
fp-2023-jul-2-1903,2023,July,2,FMGEPrep,sample,7,Community Medicine,model,20,direct (longer),fact recall,no,no,no,no,B,,
fp-2023-jul-2-2453,2023,July,2,FMGEPrep,sample,8,Biochemistry,model,14,one-liner,mechanism,no,no,no,no,D,,
fp-2023-jul-2-1912,2023,July,2,FMGEPrep,sample,9,Microbiology,model,32,clinical vignette,diagnosis,no,no,yes,no,C,,
fp-2024-jan-1-1684,2024,January,1,FMGEPrep,sample,1,Ophthalmology,model,38,clinical vignette,investigation,no,no,yes,no,A,,
fp-2024-jan-1-32887,2024,January,1,FMGEPrep,sample,1,Community Medicine,model,26,direct (longer),fact recall,no,no,no,no,B,,
fp-2024-jan-1-32888,2024,January,1,FMGEPrep,sample,1,Community Medicine,model,31,direct (longer),management,no,no,no,no,C,,
fp-2024-jan-1-32889,2024,January,1,FMGEPrep,sample,1,Community Medicine,model,58,direct (longer),diagnosis,no,no,no,no,D,,
fp-2024-jan-1-32890,2024,January,1,FMGEPrep,sample,1,Paediatrics,model,48,clinical vignette,diagnosis,no,no,yes,no,A,,
fp-2024-jan-1-32891,2024,January,1,FMGEPrep,sample,1,Community Medicine,model,26,direct (longer),fact recall,no,no,no,no,B,,
fp-2024-jan-1-32892,2024,January,1,FMGEPrep,sample,1,Medicine,model,58,clinical vignette,mechanism,no,no,yes,no,B,,
fp-2024-jan-1-32893,2024,January,1,FMGEPrep,sample,1,Community Medicine,model,33,direct (longer),fact recall,no,no,no,no,C,,
fp-2024-jan-1-32894,2024,January,1,FMGEPrep,sample,1,Community Medicine,model,51,direct (longer),anatomy,no,no,no,no,C,,
fp-2024-jan-1-32895,2024,January,1,FMGEPrep,sample,1,Ophthalmology,model,27,direct (longer),fact recall,no,no,no,no,B,,
fp-2024-jan-2-2191,2024,January,2,FMGEPrep,sample,1,Medicine,model,28,clinical vignette,diagnosis,no,no,yes,no,B,,
fp-2024-jan-2-32929,2024,January,2,FMGEPrep,sample,1,Community Medicine,model,61,direct (longer),management,no,no,no,no,C,,
fp-2024-jan-2-32930,2024,January,2,FMGEPrep,sample,1,Medicine,model,64,clinical vignette,diagnosis,no,no,yes,no,D,,
fp-2024-jan-2-32931,2024,January,2,FMGEPrep,sample,1,Community Medicine,model,30,direct (longer),fact recall,no,no,no,no,A,,
fp-2024-jan-2-32932,2024,January,2,FMGEPrep,sample,1,Community Medicine,model,59,direct (longer),calculation,no,no,no,yes,C,,
fp-2024-jan-2-32933,2024,January,2,FMGEPrep,sample,1,Medicine,model,72,clinical vignette,fact recall,no,no,yes,no,C,,
fp-2024-jan-2-32934,2024,January,2,FMGEPrep,sample,1,Community Medicine,model,40,clinical vignette,calculation,no,no,yes,yes,C,,
fp-2024-jan-2-32935,2024,January,2,FMGEPrep,sample,1,Community Medicine,model,43,direct (longer),investigation,no,no,no,no,D,,
fp-2024-jan-2-32936,2024,January,2,FMGEPrep,sample,1,Pathology,model,34,direct (longer),anatomy,no,no,no,no,C,,
fp-2024-jan-2-32937,2024,January,2,FMGEPrep,sample,1,Community Medicine,model,32,direct (longer),management,no,no,no,no,C,,
fp-2024-jul-1-1430,2024,July,1,FMGEPrep,sample,1,Community Medicine,model,21,direct (longer),fact recall,no,no,no,no,A,,
fp-2024-jul-1-1156,2024,July,1,FMGEPrep,sample,2,Pharmacology,model,32,clinical vignette,management,no,no,yes,no,C,,
fp-2024-jul-1-1155,2024,July,1,FMGEPrep,sample,3,Microbiology,model,43,clinical vignette,investigation,no,no,yes,no,C,,
fp-2024-jul-1-1432,2024,July,1,FMGEPrep,sample,4,General Surgery,model,48,clinical vignette,diagnosis,no,no,yes,no,D,,
fp-2024-jul-1-1308,2024,July,1,FMGEPrep,sample,5,Pharmacology,model,15,one-liner,management,no,no,no,no,B,,
fp-2024-jul-1-1028,2024,July,1,FMGEPrep,sample,6,General Surgery,model,53,clinical vignette,investigation,no,no,yes,no,B,,
fp-2024-jul-1-725,2024,July,1,FMGEPrep,sample,7,General Surgery,model,30,direct (longer),anatomy,no,no,no,no,D,,
fp-2024-jul-1-828,2024,July,1,FMGEPrep,sample,8,Biochemistry,model,21,clinical vignette,mechanism,no,no,yes,no,A,,
fp-2024-jul-1-1025,2024,July,1,FMGEPrep,sample,9,Medicine,model,33,clinical vignette,diagnosis,no,no,yes,no,C,,
fp-2024-jul-1-1434,2024,July,1,FMGEPrep,sample,10,Forensic Medicine,model,22,direct (longer),fact recall,no,no,no,no,D,,
fp-2024-jul-2-2199,2024,July,2,FMGEPrep,sample,1,Medicine,model,15,one-liner,management,no,no,no,no,B,,
fp-2024-jul-2-32872,2024,July,2,FMGEPrep,sample,2,Pathology,model,46,clinical vignette,investigation,no,no,yes,no,C,,
fp-2024-jul-2-1944,2024,July,2,FMGEPrep,sample,3,Community Medicine,model,24,direct (longer),anatomy,no,no,no,no,D,,
fp-2024-jul-2-1953,2024,July,2,FMGEPrep,sample,4,Community Medicine,model,20,direct (longer),fact recall,no,no,no,no,A,,
fp-2024-jul-2-2514,2024,July,2,FMGEPrep,sample,5,General Surgery,model,20,image-led,diagnosis,yes,no,yes,no,D,,
fp-2024-jul-2-2216,2024,July,2,FMGEPrep,sample,6,Medicine,model,32,clinical vignette,management,no,no,yes,no,A,,
fp-2024-jul-2-2964,2024,July,2,FMGEPrep,sample,7,Medicine,model,39,image-led,diagnosis,yes,no,yes,no,C,,
fp-2024-jul-2-3198,2024,July,2,FMGEPrep,sample,8,Anatomy,model,67,clinical vignette,diagnosis,no,no,yes,no,A,,
fp-2024-jul-2-32878,2024,July,2,FMGEPrep,sample,9,Community Medicine,model,39,direct (longer),diagnosis,no,no,no,no,C,,
fp-2024-jul-2-3203,2024,July,2,FMGEPrep,sample,10,Orthopaedics,model,59,image-led,diagnosis,yes,no,yes,no,B,,
fp-2025-jan-1-1444,2025,January,1,FMGEPrep,sample,1,Orthopaedics,model,41,image-led,diagnosis,yes,no,no,no,D,,
fp-2025-jan-1-735,2025,January,1,FMGEPrep,sample,2,Obstetrics & Gynaecology,model,27,clinical vignette,fact recall,no,no,yes,no,A,,
fp-2025-jan-1-1978,2025,January,1,FMGEPrep,sample,3,Community Medicine,model,30,direct (longer),calculation,no,no,no,yes,D,,
fp-2025-jan-1-1981,2025,January,1,FMGEPrep,sample,4,Community Medicine,model,14,one-liner,fact recall,no,no,no,no,C,,
fp-2025-jan-1-1967,2025,January,1,FMGEPrep,sample,5,Community Medicine,model,25,direct (longer),mechanism,no,no,no,no,D,,
fp-2025-jan-1-750,2025,January,1,FMGEPrep,sample,6,Pharmacology,model,39,clinical vignette,mechanism,no,no,yes,no,D,,
fp-2025-jan-1-1325,2025,January,1,FMGEPrep,sample,7,Pharmacology,model,18,direct (longer),management,no,yes,no,no,D,,
fp-2025-jan-1-1970,2025,January,1,FMGEPrep,sample,8,Community Medicine,model,24,direct (longer),calculation,no,no,no,yes,D,,
fp-2025-jan-1-850,2025,January,1,FMGEPrep,sample,9,Medicine,model,33,clinical vignette,diagnosis,no,no,yes,no,C,,
fp-2025-jan-1-1329,2025,January,1,FMGEPrep,sample,10,Pharmacology,model,42,clinical vignette,management,no,no,yes,no,B,,
fp-2025-jan-2-3208,2025,January,2,FMGEPrep,sample,1,Orthopaedics,model,39,image-led,diagnosis,yes,no,yes,no,C,,
fp-2025-jan-2-31788,2025,January,2,FMGEPrep,sample,2,General Surgery,model,45,clinical vignette,management,no,no,yes,no,D,,
fp-2025-jan-2-2969,2025,January,2,FMGEPrep,sample,3,General Surgery,model,26,image-led,management,yes,no,yes,no,D,,
fp-2025-jan-2-2236,2025,January,2,FMGEPrep,sample,4,Medicine,model,32,clinical vignette,diagnosis,no,no,yes,no,C,,
fp-2025-jan-2-2228,2025,January,2,FMGEPrep,sample,5,Medicine,model,11,one-liner,investigation,no,no,no,no,C,,
fp-2025-jan-2-2774,2025,January,2,FMGEPrep,sample,6,Obstetrics & Gynaecology,model,29,direct (longer),fact recall,no,no,no,no,C,,
fp-2025-jan-2-2548,2025,January,2,FMGEPrep,sample,7,General Surgery,model,13,image-led,management,yes,no,yes,no,C,,
fp-2025-jan-2-2540,2025,January,2,FMGEPrep,sample,8,General Surgery,model,9,image-led,investigation,yes,no,no,no,A,,
fp-2025-jan-2-2789,2025,January,2,FMGEPrep,sample,9,General Surgery,model,30,clinical vignette,mechanism,no,no,yes,no,A,,
fp-2025-jan-2-3146,2025,January,2,FMGEPrep,sample,10,General Surgery,model,40,clinical vignette,management,no,no,yes,no,A,2025-jan-2-q002,
fp-2025-jul-1-1056,2025,July,1,FMGEPrep,sample,1,Pathology,model,51,clinical vignette,fact recall,no,no,yes,no,D,,
fp-2025-jul-1-1994,2025,July,1,FMGEPrep,sample,2,Community Medicine,model,10,one-liner,fact recall,no,no,no,no,B,,
fp-2025-jul-1-1989,2025,July,1,FMGEPrep,sample,3,Community Medicine,model,34,clinical vignette,anatomy,no,no,yes,no,B,,
fp-2025-jul-1-1055,2025,July,1,FMGEPrep,sample,4,General Surgery,model,71,image-led,diagnosis,yes,no,yes,no,B,,
fp-2025-jul-1-1999,2025,July,1,FMGEPrep,sample,5,Community Medicine,model,31,direct (longer),fact recall,no,no,no,no,A,,
fp-2025-jul-1-1340,2025,July,1,FMGEPrep,sample,6,Medicine,model,36,clinical vignette,investigation,no,no,yes,no,D,,
fp-2025-jul-1-870,2025,July,1,FMGEPrep,sample,7,General Surgery,model,34,clinical vignette,anatomy,no,no,yes,no,A,,
fp-2025-jul-1-31712,2025,July,1,FMGEPrep,sample,8,ENT,model,40,direct (longer),anatomy,no,no,no,no,B,,
fp-2025-jul-1-1574,2025,July,1,FMGEPrep,sample,9,ENT,model,15,one-liner,anatomy,no,no,no,no,A,,
fp-2025-jul-1-1996,2025,July,1,FMGEPrep,sample,10,Community Medicine,model,50,direct (longer),calculation,no,no,no,yes,A,2025-jul-2-q129,
fp-2025-jul-2-2975,2025,July,2,FMGEPrep,sample,1,General Surgery,model,41,clinical vignette,diagnosis,no,no,yes,no,D,,
fp-2025-jul-2-2914,2025,July,2,FMGEPrep,sample,2,General Surgery,model,33,clinical vignette,calculation,no,no,yes,yes,A,2025-jul-2-q133,
fp-2025-jul-2-31734,2025,July,2,FMGEPrep,sample,3,Forensic Medicine,model,49,direct (longer),fact recall,no,no,no,no,C,,
fp-2025-jul-2-31729,2025,July,2,FMGEPrep,sample,4,General Surgery,model,35,clinical vignette,diagnosis,no,no,yes,no,C,,
fp-2025-jul-2-31733,2025,July,2,FMGEPrep,sample,5,General Surgery,model,45,clinical vignette,management,no,no,yes,no,C,,
fp-2025-jul-2-2565,2025,July,2,FMGEPrep,sample,6,General Surgery,model,18,image-led,diagnosis,yes,no,no,no,D,,
fp-2025-jul-2-2580,2025,July,2,FMGEPrep,sample,7,General Surgery,model,43,clinical vignette,management,no,no,yes,no,B,,
fp-2025-jul-2-2560,2025,July,2,FMGEPrep,sample,8,General Surgery,model,47,clinical vignette,anatomy,no,no,yes,no,C,,
fp-2025-jul-2-31725,2025,July,2,FMGEPrep,sample,9,Microbiology,model,44,clinical vignette,diagnosis,no,no,yes,no,C,,
fp-2025-jul-2-31736,2025,July,2,FMGEPrep,sample,10,Medicine,model,44,clinical vignette,investigation,no,no,yes,no,D,,
fp-2026-jan-1-31666,2026,January,1,FMGEPrep,sample,1,Community Medicine,model,13,image-led,fact recall,yes,no,yes,no,C,,
fp-2026-jan-1-31817,2026,January,1,FMGEPrep,sample,1,Microbiology,model,43,clinical vignette,fact recall,no,no,yes,no,D,,
fp-2026-jan-1-31818,2026,January,1,FMGEPrep,sample,1,Pathology,model,29,direct (longer),mechanism,no,no,no,no,D,,
fp-2026-jan-1-31696,2026,January,1,FMGEPrep,sample,2,ENT,model,35,clinical vignette,investigation,no,no,yes,no,D,,
fp-2026-jan-1-31596,2026,January,1,FMGEPrep,sample,3,Anaesthesiology,model,20,clinical vignette,fact recall,no,no,yes,no,C,,
fp-2026-jan-1-31616,2026,January,1,FMGEPrep,sample,4,Microbiology,model,22,image-led,diagnosis,yes,no,yes,no,C,,
fp-2026-jan-1-31639,2026,January,1,FMGEPrep,sample,5,Pathology,model,34,image-led,diagnosis,yes,no,yes,no,C,,
fp-2026-jan-1-31591,2026,January,1,FMGEPrep,sample,6,Pathology,model,33,clinical vignette,diagnosis,no,no,yes,no,B,,
fp-2026-jan-1-31702,2026,January,1,FMGEPrep,sample,7,Paediatrics,model,30,image-led,fact recall,yes,no,yes,no,C,,
fp-2026-jan-1-31690,2026,January,1,FMGEPrep,sample,8,Medicine,model,20,image-led,investigation,yes,no,yes,no,C,,
fp-2026-jan-2-31824,2026,January,2,FMGEPrep,sample,1,Anaesthesiology,model,50,clinical vignette,fact recall,no,no,yes,no,C,,
fp-2026-jan-2-31903,2026,January,2,FMGEPrep,sample,2,General Surgery,model,45,clinical vignette,management,no,no,yes,no,C,,
fp-2026-jan-2-31872,2026,January,2,FMGEPrep,sample,3,Pathology,model,50,clinical vignette,diagnosis,no,no,yes,no,A,,
fp-2026-jan-2-31931,2026,January,2,FMGEPrep,sample,4,Community Medicine,model,23,clinical vignette,fact recall,no,no,yes,no,C,,
fp-2026-jan-2-31863,2026,January,2,FMGEPrep,sample,5,Medicine,model,23,clinical vignette,management,no,no,yes,no,B,,
fp-2026-jan-2-31945,2026,January,2,FMGEPrep,sample,6,Obstetrics & Gynaecology,model,27,image-led,fact recall,yes,no,yes,no,A,,
fp-2026-jan-2-31892,2026,January,2,FMGEPrep,sample,7,General Surgery,model,15,image-led,diagnosis,yes,no,no,no,A,,
fp-2026-jan-2-31938,2026,January,2,FMGEPrep,sample,8,Medicine,model,31,image-led,diagnosis,yes,no,yes,no,B,,
fp-2026-jan-2-31859,2026,January,2,FMGEPrep,sample,9,General Surgery,model,37,image-led,diagnosis,yes,no,yes,no,C,,
fp-2026-jan-2-31886,2026,January,2,FMGEPrep,sample,10,Medicine,model,37,clinical vignette,management,no,no,yes,no,B,,
fp-2026-jun-1-42249,2026,June,1,FMGEPrep,sample,1,Medicine,model,46,clinical vignette,fact recall,no,no,yes,no,C,,
fp-2026-jun-1-42250,2026,June,1,FMGEPrep,sample,2,Medicine,model,19,clinical vignette,mechanism,no,no,yes,no,D,,
fp-2026-jun-1-42251,2026,June,1,FMGEPrep,sample,3,Pharmacology,model,10,one-liner,fact recall,no,no,no,no,B,,
fp-2026-jun-1-42252,2026,June,1,FMGEPrep,sample,4,Obstetrics & Gynaecology,model,44,clinical vignette,fact recall,no,no,yes,no,A,,
fp-2026-jun-1-42253,2026,June,1,FMGEPrep,sample,5,General Surgery,model,18,clinical vignette,management,no,no,yes,no,C,,
fp-2026-jun-1-42254,2026,June,1,FMGEPrep,sample,6,Pharmacology,model,22,clinical vignette,fact recall,no,no,yes,no,D,,
fp-2026-jun-1-42255,2026,June,1,FMGEPrep,sample,7,General Surgery,model,40,clinical vignette,fact recall,no,no,yes,no,B,,
fp-2026-jun-1-42256,2026,June,1,FMGEPrep,sample,8,Medicine,model,38,clinical vignette,diagnosis,no,no,yes,no,C,,
fp-2026-jun-1-42257,2026,June,1,FMGEPrep,sample,9,General Surgery,model,45,clinical vignette,management,no,no,yes,no,D,,
fp-2026-jun-1-42258,2026,June,1,FMGEPrep,sample,10,Community Medicine,model,30,clinical vignette,management,no,no,yes,no,A,,
fp-2026-jun-2-43372,2026,June,2,FMGEPrep,sample,1,Paediatrics,model,41,clinical vignette,investigation,no,no,yes,no,C,,
fp-2026-jun-2-43373,2026,June,2,FMGEPrep,sample,2,Community Medicine,model,29,clinical vignette,anatomy,no,no,yes,no,D,,
fp-2026-jun-2-43374,2026,June,2,FMGEPrep,sample,3,Paediatrics,model,52,clinical vignette,diagnosis,no,no,yes,no,D,,
fp-2026-jun-2-43375,2026,June,2,FMGEPrep,sample,4,Community Medicine,model,17,direct (longer),fact recall,no,no,no,no,A,,
fp-2026-jun-2-43376,2026,June,2,FMGEPrep,sample,5,Paediatrics,model,34,image-led,fact recall,yes,no,yes,no,C,,
fp-2026-jun-2-43377,2026,June,2,FMGEPrep,sample,6,Paediatrics,model,38,clinical vignette,calculation,no,no,yes,yes,A,,
fp-2026-jun-2-43378,2026,June,2,FMGEPrep,sample,7,Community Medicine,model,32,clinical vignette,investigation,no,no,yes,no,C,,
fp-2026-jun-2-43379,2026,June,2,FMGEPrep,sample,8,Obstetrics & Gynaecology,model,30,clinical vignette,management,no,no,yes,no,B,,
fp-2026-jun-2-43380,2026,June,2,FMGEPrep,sample,9,Community Medicine,model,40,clinical vignette,diagnosis,no,no,yes,no,C,,
fp-2026-jun-2-43381,2026,June,2,FMGEPrep,sample,10,Paediatrics,model,41,clinical vignette,diagnosis,no,no,yes,no,B,,
